disgust	#disguise	2017-02-28 23:24:47 +0100	836703725267922944		@EzShop4Me	en	EzShop4Me	Disguise Tongue Out Costume, Yellow, One Size via @EzShop4Me #Disguise #Apparel #EzShop4Me https://t.co/SX2yE5bZyJ	-1;-1	n/a	[]
disgust		2017-04-15 20:04:29 +0200	853308059371790336		@godlesshelp	en	Gary C ...	Just finished watching this .. I can not express my #disgust for how fucked up this county Was & Is .. #Thankstrump [NEWLINE]https://t.co/mCIQIb8ReW	-1;-1	n/a	[]
disgust	#disgust	2017-01-12 19:56:16 +0100	819619017346478080		@Urban_Urbane	en	Urban Urbane	Disgust Makes Dirt More Visible https://t.co/ytfaCdWpc0 via @LiveScience #cleanliness #hygiene #disgust	-1;-1	n/a	[]
disgust	#disgust	2017-02-14 05:11:53 +0100	831355257980645376		@KARMArie88	en	Karen Marie	@brianklaas I think #repubes should change their name 2 the #HypocriteParty or the #LyinSackOShit party or both. Either way they #Disgust me	-1;-1	n/a	[]
disgust	#disgust	2017-02-13 10:29:04 +0100	831072690333220865		@FatFitPro1	en	FatFitPro	Day 1 #bleugh #disgust https://t.co/mkTcJKoxu2	-1;-1	n/a	[http://pbs.twimg.com/media/C4iQMHLWMAAn1Qu.jpg]
disgust	#disgust	2017-03-26 19:22:20 +0200	846049691745865733		@ameera007	en	?????	Yous #disgust me	-1;-1	n/a	[]
disgust	#disgust	2017-01-08 04:29:44 +0100	817936295745961984		@Rogersville_TN	en	Jonathan Case	@_Peter_Cook Attitudes as exhibited by @MJB_SF ensure that progressives will never sustain leadership. Ultimate arrogant ignorance. #disgust	-1;-1	Rogersville, TN; United States	[]
disgust		2017-05-05 18:13:00 +0200	860527758912499712		@MrsPuertoRico	en	Geneva	@Delta @UnitedAirways needs fire or retraining ur inflight crew.employees need to realize passengers are the reasons for paychecks #disgust	-1;-1	Queens, NY; United States	[]
disgust	#disgust	2017-02-26 04:29:22 +0100	835693209481281537		@KASHMIRIBOY311	en	?hM?) ??nv!r	Caprice #FarooqAbdullah from hump you think that Kashmiri boys sacrificing their lives for freedom whre it was when you're in power #Disgust	-1;-1	n/a	[]
disgust	#disgust	2017-02-27 05:29:45 +0100	836070794388176896		@JaszBaaby	en	HollyHood?	Ewwwww I hate that when I don't be in shit , shit FINDS me to be in .. #disgust	-1;-1	n/a	[]
disgust	#disguise	2017-01-02 12:21:26 +0100	815880677065244672		@albert_tjoeng	en	Albert Tjoeng	The #giraffe in #disguise https://t.co/9skgbMQbEQ	-1;-1	n/a	[]
disgust		2017-03-29 15:02:07 +0200	847071372354318340		@imaocgirl	en	imaocgirl	@PressSec. You have no respect..2nd x @AprilDRyan has been attacked #disgust #shameful https://t.co/lgtqOUHc4g	-1;-1	n/a	[]
disgust		2017-04-28 00:42:35 +0200	857726697365549056		@twohorrors	en	Two Sentence Horrors	Lord of the Flies https://t.co/gQAXKfCaOF #byronrempel #darkart #death #disease #disgust #fly #horrorart	-1;-1	n/a	[]
disgust	#disgust	2017-02-28 12:20:53 +0100	836536647885934592		@folkinhoosier	en	Lively	I'm going to try to go a week without tweeting a snarky comment about our political situation.  I'm going with #laughter over #disgust.	-1;-1	n/a	[]
disgust		2017-02-02 13:24:09 +0100	827130482492051456		@AndyPT	en	André Melancia	This is absolutely #disgusting... What sort of parents are this that raise kids offering them real weapons? #Shame https://t.co/xh0TIl1QV0	-1;-1	n/a	[]
disgust	#Viral	2017-02-16 00:00:16 +0100	832001610012307457		@BundyNews	en	BundyTvNews	#Disgusting #Cyst #Popping #out #Gross #Satisfying #video #Viral https://t.co/UBsHXVrWUO	-1;-1	n/a	[]
disgust		2017-02-11 03:06:27 +0100	830236527993053184		@USAObserver	en	American Observer	@RitaPanahi @Craftmastah   But they did teach you to #hate use #deception with #intolerance for 6 billion non #Muslims #hater #disgusting	-1;-1	n/a	[]
disgust	#sad	2017-02-21 18:41:28 +0100	834095709502713861		@mel_shah	en	Shah	#sad #disgustingAct Respect the dead https://t.co/4GuL83cOfK	-1;-1	n/a	[]
disgust	#disgust	2017-01-03 17:35:58 +0100	816322219110526976		@alanp90210	en	alan90210	This is @GOP priority  #really #draintheswamp  #Disgust  @SpeakerRyan  @SenSanders  @SenWarren  @MMFlint  @CNN https://t.co/2roLQPbpaN	-1;-1	n/a	[]
disgust	#disgust	2017-03-14 01:38:17 +0100	841448360762564608		@jnesky88	en	Jeanie	I don't have any love for #45 but this is just totally uncalled for! #Disgust https://t.co/iX3Q2Dvk8H	-1;-1	n/a	[]
disgust	#disgust	2017-03-23 10:15:01 +0100	844839893645717507		@BestOfCrap	en	BestOfCrap	https://t.co/b2u1QshV2l @DonaldJTrumpJr  your just as disgusting as your father @realDonaldTrump #LikeFatherLikeSon #Disgust #ImpeachTrump	-1;-1	n/a	[]
disgust	#sad	2017-03-07 00:51:22 +0100	838899841069694977		@rheesieb	en	Rhesa B	Is anyone really surprised by the distribution of nude photographs of female #USMarines considering the behaviour of #POTUS #SAD #disgusting	-1;-1	n/a	[]
disgust		2017-03-17 04:16:28 +0100	842575331936665600		@cardlink62	en	Garry Harville	@haskinstheodore Just exposed your lack of civility, humanity & character. "Go ahead & open your mouth" Really? #Disgusting #Shameful #hate	-1;-1	n/a	[]
disgust		2017-04-10 04:18:09 +0200	851257967748009986		@loftuslane	en	Loftus Lane	@hamzayusuf @b2dac [NEWLINE][NEWLINE]You're both pathetic.[NEWLINE][NEWLINE]Fuck each other then kill yourselves.[NEWLINE][NEWLINE]#Disgust	-1;-1	n/a	[]
disgust	#freedom	2017-03-25 00:52:50 +0100	845423192684548096		@This_Is_Absurd	en	Christie Mealo	@FreeSpeechBus ...#right because your #freedom matters but other people's doesn't. Good campaign! ???#Free to be #hateful & #disgusting!	-1;-1	n/a	[]
disgust		2017-04-13 23:13:04 +0200	852630740235952132		@KLowgren	en	K Lowgren	@RWPUSA @ErikLacitis Interesting how DT finds the most vile, disgusting bottom-feeders of the world to trash our great nation #disgust	-1;-1	n/a	[]
disgust	#disgust	2017-01-04 15:22:18 +0100	816650968502849541		@internetinfos	en	Rolf Joho	#Play Doh "INSIDE OUT" #Joy, #Disgust, ... -  ... - https://t.co/kyNoAGUEEQ - #Barbie #BarbieDolls… https://t.co/NMRKVmhDmH	-1;-1	n/a	[]
disgust		2017-02-21 18:23:29 +0100	834091185635463168		@TheDailyGeeky	en	TheDailyGeeky	#Would YOU Don A #Disguise & Spy On Your Bestie's #First #Date?! - https://t.co/dzBqxIx4ur #Besties https://t.co/0u7MMvYTqX	-1;-1	n/a	[http://pbs.twimg.com/media/C5NJgwkWEAI2rEZ.jpg]
disgust		2017-05-03 04:41:49 +0200	859598842613841920		@Kelpsd08	en	Kelly Pierce	Ditto Himee. Ditto. #smh #disgust https://t.co/EsZA2ngDzh	-1;-1	n/a	[]
disgust	#disgust	2017-04-03 04:54:44 +0200	848730456929353728		@Stevevillano11	en	Steve Villano	Who’s more amoral?  #O’Reilly or #Fox which has paid $13 million to cover-up harassment claims against him. #DISGUST https://t.co/eZHVpZyBgz	-1;-1	n/a	[]
disgust		2017-01-02 05:36:46 +0100	815778838051360770		@n82914647	en	nelya	Check out Disguise Disney Princess Ariel Deluxe Toddler Costume- XS(3T-4T) #Disguise https://t.co/5YeGH2pOgc via @eBay	-1;-1	n/a	[]
disgust		2017-03-20 10:44:59 +0100	843760271227203584		@escue1	en	S Q	#incredibleindia #shame this is this the mindset? #disgusting https://t.co/HZIgyocqNM	-1;-1	n/a	[]
disgust	#disgust	2017-01-03 07:56:34 +0100	816176409588613120		@ShellyRaihala	en	Shelly Emiko Räihälä	G. didn't really comment, but I later told him Fadi was looking at him with #disgust, in many of their #Twitter pics.	-1;-1	n/a	[]
disgust		2017-03-17 03:55:41 +0100	842570102474125313		@MrGGeezuss	en	Javier Gallo	#Facts you hoes #Disgust me. https://t.co/y0dkk74wmR	-1;-1	n/a	[http://pbs.twimg.com/media/C7FpCidU0AA8e8P.jpg]
disgust		2017-02-17 00:51:48 +0100	832376966124814337		@jessfischer75	en	Jessica Fischer	A terrible fucking day for women #disgust https://t.co/R5BAwlLS0d	-1;-1	n/a	[]
disgust	#human	2017-02-02 19:31:18 +0100	827222881620914176		@nahtEaginuZ	en	EZ ?	#Disgusting #swine #rushlimbaugh jus refered to 1,200+ #refugees fr #Australia agreement as ' #human #debris the rest o #world doesn't want'	-1;-1	n/a	[]
disgust		2017-03-29 14:21:20 +0200	847061108695470081		@kastc	en	Chris Kast	@SenatorCollins you #disgust me how can you vote 4 the @POTUS #puppet @GorsuchNeil? U r putting my rights in #peril.	-1;-1	n/a	[]
disgust		2017-03-15 05:18:42 +0100	841866218122412032		@MikaBarnhart	en	Sophia Hughes	#disgust sex black girls on phone https://t.co/XqKfpGzrK4	-1;-1	n/a	[]
disgust		2017-03-18 17:24:09 +0100	843135949601034240		@LoweAdelia	en	Adelia Lowe	Saw this in real time and was appalled at the total disrespect towards AM #disgusted #sad @realDonaldTrump u r dest… https://t.co/YZ0MDOaoZZ	-1;-1	n/a	[]
disgust	#anger	2017-03-15 03:25:35 +0100	841837751272124419		@starfilme	en	Starfilme.com	Întors pe dos, emo?iile... https://t.co/C6YHrEm9a2 #Anger #Disgust #disney #Fear #insideout #Joy #PeteDocter #pixar #riley #Sadness	-1;-1	n/a	[]
disgust		2017-04-27 17:04:33 +0200	857611431956631552		@PatersonDv	en	DVPaterson	How to Pronounce Peep Mitten ?RT??? https://t.co/jiz5sSX3q6 #marshmallow #whack #eye #riff #expand #disgusting #joy #weapon	-1;-1	n/a	[]
disgust	#disgust	2017-04-20 08:03:51 +0200	854938644913807360		@Akinabbalu66	en	Alison Gonzales	#disgust sex hottest woman ever naked https://t.co/gfrkm7fe9z	-1;-1	n/a	[http://pbs.twimg.com/ext_tw_video_thumb/853930737673883649/pu/img/krREBcQ0ecfcesUZ.jpg]
disgust	#fact	2017-03-14 23:32:02 +0100	841778977211531265		@Sketch9999	en	Bountiful Babe	Any1 else #disgusted by #fact that @realDonaldTrump has #publicly #endorsed @SteveKingIA + his #WhiteSupremacist bs? https://t.co/6tX5kvuqpz	-1;-1	n/a	[]
disgust	#anger	2017-04-30 02:18:37 +0200	858475642505089028		@RKStuartTilley	en	R.K. Stuart-Tilley	A rant on my life and the world. #rant #life #world #anger #outrage #disgust??? The Painful Truth[NEWLINE][NEWLINE]https://t.co/4MPTYGXXx9	-1;-1	n/a	[]
anger		2017-01-13 11:26:40 +0100	819853159447273473		@LtlMissMayhemuk	en	LittleMissMayhem	Friday on my Mind [NEWLINE]https://t.co/ufcaj5QXdp via @LtlMissMayhemuk[NEWLINE]#cold #weather #gloves #rage	-1;-1	n/a	[]
anger	#anger	2017-03-13 04:40:28 +0100	841131820494290945		@Kaushikyegnan	en	Kaushik Yegnan	Burn demons of #Lust #Greed #Anger & spread colours of #Joy #Sharing #Love #Respect #HappyHoli	-1;-1	n/a	[]
anger		2017-04-14 23:56:44 +0200	853004117819748352		@YungGunn2Raw	en	Yung Gunn 2 Raw	#HATE Got me like ?????? It's LIT ?? CLICK LINK FOR FULL SONG ????? https://t.co/PEhCC6pn7P https://t.co/Qh2DTZSOgy	-1;-1	n/a	[http://pbs.twimg.com/ext_tw_video_thumb/853003654047166466/pu/img/m4CnPMaKv5alinXh.jpg]
anger	#hate	2017-02-23 14:52:36 +0100	834762890234183680		@Rach197331	en	Rachel Kirkham	WE DO NOT SUPPORT #HATE #CRIME #SEPARATISTMOVEMENTS! LET'S BUILD #PEACEFULPAPUA TOGETHER! #WestPapua #indONEsia https://t.co/cAbDR7lPj8	-1;-1	n/a	[http://pbs.twimg.com/media/C5WsbFUWMAEIOE7.jpg]
anger		2017-02-25 00:27:22 +0100	835269921105915906		@DvSerenitygavin	en	DV SerenityGavin	How to Pronounce Sainted ?RT??? https://t.co/K6L40ghaB1 #love #deify #saintly #good #god-fearing #lower #hate #blessed #seraph	-1;-1	n/a	[]
anger	#hate	2017-02-21 03:29:16 +0100	833866146461806592		@groovianto	en	Anthony O'Hanlon	I think the media are trying to make us forget that they created the political monster that is @realDonaldTrump #hate #is #all #you #have.	-1;-1	n/a	[]
anger		2017-04-24 11:26:30 +0200	856439193794424832		@th0ttibuggatii	en	1-800-THOTLINE	Ladies & gentlemen? #hate	-1;-1	n/a	[]
anger	#hate	2017-02-15 21:08:04 +0100	831958274664759296		@belskie	en	Leslie Begelman	@keriRN @pdog_ch @leomitts89 @stiNgo100 And we should refer to #AltRight as #NeoNazis. Why "minimize" Their #Hate? https://t.co/LjTddBrWYl	-1;-1	n/a	[http://pbs.twimg.com/media/C4u1o1PWEAc9B4T.jpg]
anger	#anger	2017-02-22 09:45:07 +0100	834323121578635265		@Kidlutions	en	Wendy Young,LMSW,BCD	Cool down strategies for kids https://t.co/vlbDBkrreF #anger #angermanagment https://t.co/0QQqbUy4wk	-1;-1	n/a	[http://pbs.twimg.com/media/C5QcdN4UYAA_HEd.jpg]
anger	#hass	2017-03-22 20:41:46 +0100	844635233945309184		@therealTHOR	en	therealTHOR	@BonkeKolja [NEWLINE]Ist es zu spät für die obligatorischen #nichtvoreiligsein #fakkafd #hass #alleshetzer Hashtags, die keinem Opfer helfen?	-1;-1	n/a	[]
anger		2017-02-05 23:05:14 +0100	828363884029317120		@ImaDADcom	en	Eric Hall	Boycott #intel.  Intel promotes #hate by supporting the #evil #ALTLeft at #Superbowl #HalftimeShow #intel hates #Trump	-1;-1	n/a	[]
anger		2017-03-31 08:46:55 +0200	847701724412301312		@GratisKeiz4Free	en	Valentina Koshkov	#ISIS #hate #free keiz https://t.co/9ZENCqYekd	-1;-1	n/a	[]
anger	#hate	2017-02-04 23:54:31 +0100	828013895633731585		@97GuloGulo	en	97GuloGulo	@KellyannePolls are you wearing one?[NEWLINE]#TypicalGreedOverPeople All you have are #Lies and #Hate https://t.co/iK8HDBmNEc	-1;-1	n/a	[]
anger	#hate lang:en	2017-03-05 01:50:10 +0100	838189861010042884		@AndrewManyluk	en	Andrew Manyluk	If you #love #shoveling #snow  you will #hate our #maintenance #free #townhome @ Altius McLaughlin https://t.co/2fVkpw9TjT	53.5455017;-113.9309874	Spruce Grove, Alberta; Canada	[]
anger	#anger	2017-02-21 23:50:01 +0100	834173357469872128		@CiteBright	en	Cite Bright	When #anger use your energy to do something productive. -C. Pulsifer https://t.co/9VhNmI3BTS	-1;-1	n/a	[http://pbs.twimg.com/media/C5OUPv4WQAAFRBi.jpg]
anger		2017-02-16 03:35:16 +0100	832055717842530305		@ShadowKazie	en	Kazie ??	I haven't worked out in over a week. I've done everything that needed to be done, my mental capacity is near the max and I need to #Rage .	-1;-1	n/a	[]
anger	#hate	2017-01-11 22:11:17 +0100	819290607944273920		@CurtisPicasso	en	Dr-Curtis Melvin©	#Hate Cats but grew fond of ths one I must say orlando @ Windheok… https://t.co/zMn2VbFZ0x	-22.54919955;17.06837864	Namibia; Namibia	[]
anger	#hate	2017-04-21 07:53:00 +0200	855298301620441088		@AmariVidens	en	Mari	There is no room for #hate in a #thankful heart https://t.co/F1HbqWjVga	-1;-1	n/a	[http://pbs.twimg.com/media/C96PIjuV0AAKlHr.jpg]
anger	#anger	2017-04-01 04:21:06 +0200	847997218359586816		@74125319	en	ajmalEnsan	Controlling #anger is a sign of those #righteous people promised #Paradise in the #Quran in Surah Al Imran verses 133-134 #reward #goodDeed	-1;-1	n/a	[]
anger		2017-03-30 19:37:03 +0200	847502950826000384		@balakoteswar	en	Balakoteswara	If I said 'I #hate you', I really don't mean 'I hate you'.[NEWLINE]I just lost #respect for you.	-1;-1	n/a	[]
anger	#hate	2017-02-09 04:37:08 +0100	829534571532271616		@Real_Ed_America	en	Ed America	From the Devil's #racist mouth: #tRump is 100% pure #Hate.[NEWLINE]#RacistInChief #BlackLivesMatter https://t.co/x5hFiO3U1f	-1;-1	n/a	[]
anger		2017-04-26 21:17:13 +0200	857312629844529153		@gould_nathan	en	Nathan Gould	Will #anger management make me a door mat? https://t.co/1GD1cmYU13 #blog #mentalhealth https://t.co/YMlAqJQDjs	-1;-1	n/a	[http://pbs.twimg.com/media/C-XJSsDWsAAouHW.jpg]
anger	#anger	2017-03-27 08:23:54 +0200	846246383363506176		@SABCNewsroom	en	SABC Newsroom	POLL: UN report says Africans are unhappy. Do you agree? #sabcnews #UNHappinessIndex2017 #CORRUPTION #Anger #socialmedia	-1;-1	n/a	[]
anger	#man	2017-04-12 23:36:00 +0200	852274122835066881		@KenyaPolitico	en	Kenya Politics	#Man goes #Court seeking stop #IEBC clearing #HassanJoho: https://t.co/kih6mkyJdx, https://t.co/q4lU6o5pHr https://t.co/QoTs748O2G	-1;-1	n/a	[http://pbs.twimg.com/media/C9PizAPWAAEZ2Pe.jpg]
anger	#hate	2017-02-15 14:25:24 +0100	831856941035028481		@VenomShortie	en	w?w	I dont #hate n e one [NEWLINE]I dont have that kinda time #lol ?? https://t.co/cp4BVo1Eig	-1;-1	n/a	[http://pbs.twimg.com/media/C4tZeJ-UYAEGbaQ.jpg]
anger		2017-03-09 03:49:45 +0100	839669506691715072		@TheEmmitha	en	Emmie McCalley	My nephew just tried to tell me that the pay gap doesn't exist and women become secretaries because they don't want hard jobs. #rage	-1;-1	n/a	[]
anger		2017-03-09 02:02:54 +0100	839642619206647808		@DRSam77777773	en	Dr. SAM	Amen. Lovely commentary; thank you. #LOVEinLORDJesus crucified for us. #LOVE > #hate. ?????? https://t.co/0qKXTUaeiW	-1;-1	n/a	[]
anger		2017-03-09 03:54:47 +0100	839670775263051776		@Endo_Chank	en	Endo Chank	Don't know why #Twitter allows 'certain kind' of #Hatred, but 'censors' other... Do u know why?... https://t.co/Wq2ZJJQArv	-1;-1	n/a	[]
anger	#rage	2017-02-18 22:06:43 +0100	833060199518916609		@rockmanmeep	en	The Rock Man	I added a video to a @YouTube playlist https://t.co/VQr7a67wPw WORM.IS W/TheDogMatt [#Rage]	-1;-1	n/a	[]
happy		2017-02-10 17:30:37 +0100	830091613997322241		@EM_Newsflash	en	Connie Turner	Thank you for your retweet! #Happy FRIDAY!! https://t.co/im27SKqkUf	-1;-1	n/a	[]
happy		2017-03-08 23:05:23 +0100	839597942474432512		@ConnectHappines	en	Ray White	?It is neither good nor bad, but thinking makes it so.? Shakespeare #Happiness  #sharehappiness	-1;-1	n/a	[]
happy		2017-03-29 16:09:15 +0200	847088265136128000		@power_primal	en	Power Primal	https://t.co/KhnKTtqyPC #life #motivation [image] don't quit #success #do #happiness	-1;-1	n/a	[]
happy		2017-03-20 14:20:15 +0100	843814442378940416		@msb_miami	en	M. S.	Be #happy becoming 1 with your #heart -It's so easy & rewarding #JoyTrain #internarionaldayofhappiness https://t.co/PhgBoD4xXE	-1;-1	n/a	[http://pbs.twimg.com/media/C7XUwy7XgAEiq5y.jpg]
happy	#happy lang:en	2017-02-20 16:17:11 +0100	833697013120237569		@gizayle	en	Gayle	Top priority on my day off: finding a kid friendly place to have lunch #happy Presidents' Day	-1;-1	n/a	[]
happy		2017-05-07 12:08:29 +0200	861160801628962816		@catshirtdaddy	en	CatShirt Daddy	Who's Your Cat Daddy!?[NEWLINE][NEWLINE]#cats #love #instagood #photooftheday #beautiful #cute #happy #fashion #follo ... https://t.co/puPa8P1OyN	-1;-1	n/a	[http://pbs.twimg.com/media/C_N1LzPUAAAy_Xo.jpg]
happy		2017-05-04 16:49:48 +0200	860144434628964352		@BluePonyStyle	en	MyOnlineGifts	Check out our Amazing items! https://t.co/amc4VGik4l[NEWLINE]#love #instagood #photooftheday #tbt #cute #beautiful #happy… https://t.co/US2tNZNZOK	-1;-1	n/a	[]
happy	#happiness lang:en	2017-03-24 09:34:13 +0100	845192014622687232		@msmboxindia	en	MSM Box	Get your hands on #makeup #fashion #fashionblogger #happiness #love #beauty #makeuplover #makeupinspiration https://t.co/JCF6Xi3zXi	-1;-1	n/a	[http://pbs.twimg.com/media/C7q5oKQVUAAaatu.jpg]
happy		2017-01-01 18:35:56 +0100	815612534250209282		@kathrynenna	en	kathryn enna	I am ok. #I_AM #positive #affirmation #happy  https://t.co/VGCcy8RTds https://t.co/sarRGcYZLc	-1;-1	n/a	[http://pbs.twimg.com/media/C1GjRvHXEAAQyPg.jpg]
happy		2017-02-23 07:18:29 +0100	834648605273227264		@AmberWas46	en	?? Amber	#Saguenay #submassive cumprincess #badoo #amature rimming #phonesex #liveshows slave #skyprivate #happy https://t.co/0400zphB8g	-1;-1	n/a	[http://pbs.twimg.com/media/C5VEeqAWEAA7b56.jpg]
happy		2017-02-28 21:36:44 +0100	836676530378059776		@seedofhappiness	en	Seeds of Happiness	Flower and smile time #smile #inspire #happy #art #sunflower https://t.co/agHHIm4B2X	-1;-1	n/a	[http://pbs.twimg.com/media/C5x43mXXMAEg35x.jpg]
happy	#happiness lang:en	2017-02-14 14:20:45 +0100	831493382874619905		@kcejeckz	en	J     E     C     K	Food and ce. ???[NEWLINE]#CelebratingHeartsDay #Withmyce #SulokCafe #Happiness #instagram… https://t.co/Jseyi6bsfg	14.58442449;121.16862059	Antipolo City, Calabarzon; Republic of the Philippines	[]
happy		2017-04-27 02:35:36 +0200	857392753759670272		@sborrero_curry	en	Stephanie C	@Edysicecream your special edition cookie dough with peanut butter i'm convinced is marketed directly to my husband...and he is oh so #happy	-1;-1	n/a	[]
happy		2017-03-07 20:49:20 +0100	839201316215918592		@TheHaigh	en	Laura Haigh	Love yourself first #love #life #happy #future #deservethebest https://t.co/1Iq9lLQDvt	-1;-1	North West, England; United Kingdom	[http://pbs.twimg.com/media/C6VxJZYXEAEA9wo.jpg]
happy		2017-05-04 00:00:32 +0200	859890443865255936		@flyavp	en	flyavp	Traveling... It leaves you speechless then turns you into a storyteller! #WednesdayWisdom #travel #traveler #happy… https://t.co/9DMNuc7bTC	-1;-1	n/a	[]
happy		2017-03-11 22:05:28 +0100	840670029851025408		@MrThriller10	en	Mr Thriller	Stop listening to #radio and watch Havenhurst (2017) here: https://t.co/anKEMY8Wdu #Happy watching! https://t.co/TNOuqPVvGs	-1;-1	n/a	[http://pbs.twimg.com/media/C6qo79AWgAAr3CT.jpg]
happy		2017-04-09 00:43:26 +0200	850841541803376640		@azee_cheema	en	Ali Zain Cheema	#Instead of putting people #down all ur #life,[NEWLINE]#inspire some1,[NEWLINE]change some1's #life for the #better,[NEWLINE]make some1 #happy,[NEWLINE]make some1 #smile ??	-1;-1	Punjab, Pakistan; Pakistan	[]
happy		2017-02-27 22:09:07 +0100	836322294716854277		@YouEnjoy6	en	You Enjoy	Stop listening to #radio and watch Maleficent (2014) here: https://t.co/H1FCfqoMOf #Happy watching! https://t.co/PcKY8EF9Xz	-1;-1	n/a	[http://pbs.twimg.com/media/C5s2sbeXMAQR72S.jpg]
happy	#happy	2017-02-13 18:21:47 +0100	831191654698725376		@thekarmicflow	en	Karmic Flow	#MindfulMonday - At Karmic Flow, this weeks topic is choice happiness - how do you wake up #happy ?	-1;-1	n/a	[]
happy		2017-04-05 19:39:02 +0200	849677773341945856		@milficrew	en	Milf Crew	#dating portugal business advertising[NEWLINE]>>> https://t.co/No5TSg0pKH <<<[NEWLINE]#huzur  #table #sexygirls	-1;-1	n/a	[]
happy		2017-02-22 16:35:35 +0100	834426417798582277		@qwazou	en	Qwazou	Wysa for Your Emotional Health - https://t.co/SO47CjGAIp #health #stress #happiness https://t.co/pfegKNhbrH	-1;-1	n/a	[]
happy		2017-02-15 02:33:05 +0100	831677680433106945		@Mel_Wilson	en	Melanie S Wilson	#aussie #coastal #beach #honeymoon #holiday #happiness @ Surfers Paradise Beach https://t.co/RclKicQFCH	-28.002;153.43086	Gold Coast, Queensland; Australia	[]
happy		2017-02-14 04:23:21 +0100	831343040417689604		@studyonlineaust	en	StudyOnlineAustralia	Happy Valentine's Day. #ValentinesDay #lovers #BeHappy #Happy https://t.co/55VlRaxNal	-1;-1	n/a	[]
happy	#joy	2017-04-05 00:50:10 +0200	849393688606322689		@kelley_grimes	en	Kelley Grimes	Yearning for more #peace, #joy and meaning in your life? https://t.co/10h7TGfS4X	-1;-1	n/a	[]
happy		2017-03-28 10:55:07 +0200	846646824215728128		@Priyanka_epsdel	en	priyanka gulati	Evergreen Public School wishes you all a very Happy Navratri...#Garba #Navratri #Festival #Fun #Happiness… https://t.co/1ZBjl2c3T6	-1;-1	n/a	[]
fear	#fear lang:en	2017-03-02 04:20:25 +0100	837140508774301696		@music4surgery	en	Dr. Alice H. Cash	#waiting to be #calledback for #endoscopy #fear #anxiety #hungry #soothing #music #helps @â€¦ https://t.co/zVhvhdsiO8	38.23789087;-85.63864794	St Matthews, KY; United States	[]
fear	#fear	2017-03-16 08:20:58 +0100	842274478210007040		@ofarther	en	ï¿½?ï¿½Deplorablemikeï¿½?ï¿½	#FBI #MAGA #syrianrefugees #travelban #preppers [NEWLINE]#savetherainforest #survival #History #Jews #Israel [NEWLINE]#fearâ€¦ https://t.co/o71wtY7IYg	-1;-1	n/a	[]
fear		2017-04-15 17:06:13 +0200	853263195670228999		@xavier_palomer	en	Xavier	psious: Are you #afraid to speak in public? It is no longer a problem with #VR and #Psious' #PublicSpeaking enviroâ€¦ https://t.co/NVJ7rAE8cO	-1;-1	n/a	[]
fear	#fear	2017-03-03 01:24:02 +0100	837458510464036867		@MistralKDawn	en	Mistral Dawn	A #MarketPlace For #Fear? https://t.co/XUvov30fgZ https://t.co/I3I0q5ieQA	-1;-1	n/a	[http://pbs.twimg.com/media/C59AE2CWcAAGQeu.jpg]
fear		2017-02-21 15:16:00 +0100	834044000743063553		@TooglesEN	en	Toogles AI English	Be Informed about #Tuesday + #Persons + #Worry + #Yahoo + #Communications just here https://t.co/q8ra8yrPSL	-1;-1	n/a	[]
fear	#fear	2017-03-26 18:00:08 +0200	846029008655441921		@CarolynNilsen1	en	Carolyn Nilsen	What is one #fear in your life that you will take control of today? https://t.co/RlA4MdokEy	-1;-1	n/a	[http://pbs.twimg.com/media/C72y5hnVYAE9mdo.jpg]
fear		2017-02-17 12:08:04 +0100	832547156678549505		@mikemacdirect	en	Mike MacDonald	How to Train Yourself out of Your Comfort Zone https://t.co/zu3BKCOmIk #comfortzone #success #fear	-1;-1	n/a	[]
fear		2017-01-03 12:40:49 +0100	816247944718467072		@Tedriley10	en	Theodore Riley	From https://t.co/nHz8BlB62Z Stressed Out? Here Are Some Great Stress Reducers https://t.co/ybdB93Zo96 #stress, #panic	-1;-1	n/a	[]
fear		2017-04-11 03:30:04 +0200	851608254174154752		@ProShoppingServ	en	Pro Shopping Service	@NormDGuerreIndy #Anxiety #Panic Attacks really took a toll on me. Until I found this program it really helped! msg me	-1;-1	n/a	[]
fear	#fear	2017-02-14 23:53:39 +0100	831637555762315264		@jakobveigar	en	jakob veigar	#skull #portrait #metal #contemporaryart #contemporarypainting #hveragerÃ°i #artresidency #fear https://t.co/1huGYjQCdK	-1;-1	n/a	[]
fear		2017-02-04 09:57:47 +0100	827803327874347008		@SwissCyndi	en	ðŸ‡¨ðŸ‡­Cyndi	Be Bold and Courageous. #courage #strength #fear https://t.co/jPd1If6Igy	-1;-1	n/a	[http://pbs.twimg.com/media/C3zyuVVWcAAWIo2.jpg]
fear		2017-03-21 03:20:15 +0100	844010738385637378		@Shaaaaax3	en	Britney Watson	#fear factor girls naked porno en internet https://t.co/Y4Xiy9molR	-1;-1	n/a	[]
fear		2017-02-18 10:37:40 +0100	832886791892041728		@tattoo2care	en	Anastasia Rogers	#fear 2 naked what is it like to give a blowjob https://t.co/8Q4biSEuuP	-1;-1	n/a	[]
fear	#worry	2017-02-23 14:54:08 +0100	834763276441493504		@nybhealth	en	nybhealth	Most people don't want to know the future, new study finds https://t.co/K6PgeSiykn #worry #anxiety #emotions... https://t.co/IDMDBKn9no	-1;-1	n/a	[]
fear	#crying	2017-01-09 06:46:37 +0100	818333132021608448		@josecow12	en	jose troll hunter	Got a new sick backpack today :) thanks mom #CollegeReady #hopefullyiGetAccepted #scared #crying https://t.co/Z54WkGc8TF	-1;-1	n/a	[http://pbs.twimg.com/media/C1tNo5ZUUAAtNei.jpg]
fear		2017-02-03 19:39:04 +0100	827587224401301504		@PatersonDv	en	DVPaterson	How to Pronounce Put To The Vote â†ºRTï¿½?ï¿½ https://t.co/i7hh894oh3 #associate #publicize #focus #fear #onthepartof #force #speak	-1;-1	n/a	[]
fear	#fear	2017-02-07 14:08:15 +0100	828953522611843072		@nybhealth	en	nybhealth	#Spider #phobia brain processes #unconscious #fear; surprising method to overcome #arachnophobia... https://t.co/fjg2vqEIF6	-1;-1	n/a	[]
fear		2017-04-09 04:05:04 +0200	850892286808530944		@HeroicBardock_	en	Bardock	I got you #covered â€¼ï¿½? Pls don't be #afraid to #HMU ðŸ˜³ðŸ˜³ï¿½?ï¿½ï¿½?ï¿½ï¿½?ï¿½	-1;-1	n/a	[]
fear		2017-02-03 05:03:50 +0100	827366963051524096		@ninasakinah	en	Lallanina	cross the island by walking through the seaðŸ˜… [NEWLINE][NEWLINE]#fear #ninajalanjalan #indonesia @ Pulauâ€¦ https://t.co/nEmuQGCNva	-0.990262;100.35437	Padang Selatan, Indonesia; Indonesia	[]
fear		2017-05-07 12:52:44 +0200	861171940177924096		@shugeavisen	en	SH-UgeAvisen	#Angst vor #Einwanderung  ist mit Angst vor #Infektionen verbunden https://t.co/EPbPPKKYlK	-1;-1	n/a	[]
fear		2017-05-05 04:56:44 +0200	860327373564243968		@DVzxcvbnmccBB	en	Edgington	How to Pronounce Nyctohylophobia â†ºRTï¿½?ï¿½ https://t.co/MQPJr4iWbL #fear #dark #night #darkness #Nyctohylophobia #phobia #forest	-1;-1	n/a	[]
fear		2017-04-18 16:32:08 +0200	854341782158458881		@DeshSubba	en	Fearism Philosophy	Today one #author friend from Myanmar share my status of fb in Burmese language. It is good to go another #language. #fear ism is spreading.	-1;-1	n/a	[]
fear	#fear	2017-03-05 21:34:18 +0100	838487859170422784		@moodivate	en	FindYourMoodivation	Don't let others tell you who you are ðŸ’› #youarestrong #doubt #fear #doyourbestforgettherest #thinkhappythoughtsâ€¦ https://t.co/hYaCwJ0L5M	-1;-1	n/a	[]
fear		2017-04-21 14:51:03 +0200	855403508622737409		@MyShockFace	en	Michael	@kendyl_laughlin #Anxiety #Panic Attacks really took a toll on me. Until I found this program it really helped! https://t.co/bY6GZQVV7t	-1;-1	n/a	[]
fear	#fear	2017-02-09 08:42:38 +0100	829596352099258368		@damooooon	en	Luna Ly	Not necessarily fav, but maybe most powerful? Watching men (and moc) convey their feelings w/o holding back #socy1021 #fear	-1;-1	n/a	[]
fear	#fear	2017-04-08 16:25:37 +0200	850716264637108224		@MrPurandare	en	Mithun Purandare	#Fear has 2 meanings #Forget everything & Run or #face everything & #Rise https://t.co/gA6KtMgNVW	-1;-1	n/a	[http://pbs.twimg.com/media/C85Z65cXgAApSQi.jpg]
fear	#peaceful	2017-03-25 11:28:03 +0100	845583047038689280		@Hayat_Optimist	en	Hayat Malik	I want to fly far away to a #peaceful place where I have no #fears,no #tension[NEWLINE]#Destination https://t.co/tq2UIatYxx	-1;-1	n/a	[http://pbs.twimg.com/media/C7wdS7_W0AAMZ9f.jpg]
fear	#fear	2017-03-24 15:00:51 +0100	845274212390633472		@adriennedorison	en	âœ¨ Adrienne Dorison âœ¨	How to #move through #fear or #decision? Get #inspiration by joining me here at The School of Self-Mastery: https://t.co/Evd8wO8M86	-1;-1	n/a	[]
fear	#fear	2017-01-03 23:01:13 +0100	816404071464701956		@WorkWithCarlyJ	en	Carly J Hahn	Take every #chance and #drop every #fear ! https://t.co/ztmVSp3MXa	-1;-1	n/a	[http://pbs.twimg.com/media/C1RzLNUVEAA-Ujj.jpg]
fear	#fear	2017-03-27 20:01:08 +0200	846421845121339392		@thereseflanagan	en	Therese Flanagan	"AG Sessions" #Fear, we got your FEAR, right here! Step up folks, fear for the taking! Free FEAR #AGSessions, #FearMonger, seller of tales.	-1;-1	n/a	[]
fear		2017-04-16 17:00:25 +0200	853624125360750595		@BanishFGM	en	BanishFGM MGF MGM ðŸ”š	I #fear my enthusiasm #flags when real work is demanded of me. H. P. #Lovecraft https://t.co/JdrCmqzIqu	-1;-1	n/a	[http://pbs.twimg.com/media/C9iunhsUAAEhUCN.jpg]
fear		2017-02-03 06:12:53 +0100	827384339176443904		@CiteBright	en	Cite Bright	Never be #afraid to try, remember... Amateurs built the ark, Professionals built the Titanic.-Unknown https://t.co/SVoTQEuJGb	-1;-1	n/a	[http://pbs.twimg.com/media/C3t1q8lVUAMwLC_.jpg]
fear		2017-04-14 07:56:12 +0200	852762392563859458		@stephenblake451	en	StephenBlake	Pro Surfer Surfing in High Heels #surfinheels,#surfinginheels,#Kendrick,#FEAR https://t.co/S38oHfS82q	-1;-1	n/a	[]
sad		2017-02-11 23:20:49 +0100	830542132578545664		@QUEENJAZZE	en	JASMINE MAYO	He's got his right hand man, Jeff Sessions...#SAD #impeachmentcountdown https://t.co/iKtfrwvDXl	-1;-1	n/a	[]
sad	#bitter	2017-03-22 23:20:55 +0100	844675281579315200		@DMVtrafficguy	en	Tony Thornton	I am not sure we were a big fan either #bitter https://t.co/7feIUy8Esi	-1;-1	n/a	[]
sad		2017-04-28 02:01:10 +0200	857746475932991488		@frangeladuo	en	Frangela	Every time we #Sad against @realDonaldTrump & his regime it makes us smile:) https://t.co/N0HncQUbq7	-1;-1	n/a	[]
sad	#sad	2017-02-09 06:31:37 +0100	829563383070543873		@GalvinBob	en	bob galvin	@realDonaldTrump you are the only horrible thing I see. You are a disgrace, resign now.  #cheetohitler  I hear you wear diapers. #sad #bigly	-1;-1	n/a	[]
sad		2017-04-18 21:19:08 +0200	854414010082623490		@SCOTTHOGG	en	Scott Hogg	Pradeep Padala & Rohit Agarwalla from Cisco presenting #Contiv @DockerCon2017, great to have #Cisco #ACI integration https://t.co/iD4S8iieWH	-1;-1	n/a	[http://pbs.twimg.com/media/C9t89y_VoAA_7zi.jpg]
sad		2017-02-17 23:37:47 +0100	832720727484747777		@nyg_spurs_carp	en	Lali	@JustAGlassChild I'm on your list but I didn't get it!!! I usually do! How come? #sadness	-1;-1	n/a	[]
sad		2017-04-26 02:17:47 +0200	857025882153779201		@Jayred_R	en	Jayred_R	@TuckerCarlson no wonder @TheDemocrats are out of touch. They're all just a bunch of liars. That guy was straight up drunk on lies. #sad!	-1;-1	n/a	[]
sad	#sad	2017-04-05 03:18:22 +0200	849430981144702977		@cptmilkshake	en	wayne roybal	@CNNPolitics He's is as ignorant as his Dad!"factor" that's "fact" brainless! The Trump's need to get out! #SAD	-1;-1	n/a	[]
sad		2017-04-13 12:10:40 +0200	852464043612942336		@LaurenClaireA	en	Lauren Claire Adams	#PsConf #lastnight #ready #sad #thankyouforanamazingweek @planetshakers @Daystar #powerfulweek streaming from… https://t.co/zAaRnoqYJ8	-1;-1	n/a	[]
sad		2017-04-13 19:53:11 +0200	852580440754073600		@Thrinnnn	en	?????Catherine?????	I'm eating Coldstone for lunch because idk it feels better. And I give up on me. I just want to cry all day and sleep! #sad #hurt #alone	-1;-1	West Orange, NJ; United States	[]
sad		2017-03-25 13:01:14 +0100	845606500538236928		@eighteenofour	en	Oluwaseun ?????	@BBCNews #Sad- Kill off these #ExtremeSports. #Boxing #CarRacing #F1 etc	-1;-1	n/a	[]
sad	#bitter	2017-02-01 06:43:59 +0100	826667391513927680		@mcvbnfc18	en	stitch????	Kailan naging sunod ang March sa January? ???? nagaral pa kayo! #BITTER	-1;-1	n/a	[]
sad		2017-03-20 23:27:51 +0100	843952250489901057		@SpartanJayJay	en	Jay Romero	@realDonaldTrump You dropped out of the Top 500 on the Forbes list! Even Rollins from Orkin is ahead of you. https://t.co/cMenL9Aq4q #Sad	-1;-1	n/a	[]
sad	#rave	2017-02-28 18:48:44 +0100	836634253500637184		@ArtsyLynneth72	en	Lynne Hamilton	#rave #acidhouse #party https://t.co/wYQqABqnnZ	-1;-1	n/a	[]
sad		2017-04-13 05:19:13 +0200	852360497689055232		@foodiemtfitness	en	Nicole	Class vs. Ass.... a complete & total buffoon for that matter! #sad #TrumpShouldResign #TrumpandthePress #Trump… https://t.co/uyZoQBGXsX	-1;-1	n/a	[]
sad		2017-02-01 11:13:06 +0100	826735116366053376		@iFreeMarketing	en	#FreeMarketing	A #10 "After spending the past 6 months away from #home on #university exchange, I'm #sad that my time is coming..… https://t.co/tOTe0me7Na	-1;-1	n/a	[]
sad	#sad	2017-03-07 05:00:53 +0100	838962632740769792		@DonTrumpsHand	en	Don Trump's Hand	@realDonaldTrump @exxonmobil Wow, so in other words, for every 1 mln dollars they are creating just over 2 jobs. #dumb #sad #resist #america	-1;-1	n/a	[]
sad		2017-01-01 06:20:10 +0100	815427373587906560		@jlady27	en	Jennifer Harris	#SAD I can lipsync to @MariahCarey better than MariahCarey. https://t.co/WwjdMaMFwq	-1;-1	n/a	[]
sad		2017-02-06 14:47:18 +0100	828600961652383745		@kaviansh7	en	Avinash Kumar	My New #Romantic #love #sad #Cover #Song [NEWLINE]#Saanso_Ke_Kisi (Cover Version) [NEWLINE]#Raees (Movie) [NEWLINE]Cover Singer -... https://t.co/EOBMmx8xSj	-1;-1	n/a	[]
sad	#sad	2017-02-22 23:11:04 +0100	834525943158931457		@Geohistoria	en	CC Hunt	@VP We elected a self-aggrandizing, misogynistic, anti-Semitic, Real Estate agent. #sad	-1;-1	n/a	[]
sad		2017-04-28 14:10:18 +0200	857929969409949701		@jesshickman	en	Fathom Boutique	I just lost my father and found this very poignant. "Let’s Talk About Grief " https://t.co/gNoBdGiT7g on @LinkedIn #grief	-1;-1	n/a	[]
sad		2017-01-01 04:10:53 +0100	815394837776084992		@jmurph4795	en	Jacob Murphy	I have no words. Gotta be a fan through the good and bad though. Proud that the team made it this far. Sad ending. #GoBuckeyes #sad #weep	-1;-1	n/a	[]
sad	#vibes	2017-04-16 19:18:44 +0200	853658931599626240		@dnsbeats	en	Michelle Hardiman	Sunday #vibes @artworkmagnetic smashing #warehouseproject #poolparty #acid #house https://t.co/Tp4VcD2AXg	-1;-1	n/a	[]
sad	#sad	2017-03-16 15:44:59 +0100	842386217643646976		@QaTiL_Shaiiri	en	#UrduShairi	;[NEWLINE]TwiTTeR ki BesT ID[NEWLINE]#SaD ShAiRi[NEWLINE]#DukHi ShAiRi[NEWLINE]#NeW ShAiRi[NEWLINE]#L0vE ShAiRi[NEWLINE]#KHooNi_LovE[NEWLINE]Or BohoT kucH[NEWLINE]Follow @SaMinA_UdasS[NEWLINE]S 40404[NEWLINE][NEWLINE]F @SaLi_420	-1;-1	n/a	[]
sad	#sad	2017-03-02 22:51:53 +0100	837420220914548742		@pa_proud	en	Love the Flag	@Acosta @clairecmc lied / Jims ok with that #sad https://t.co/raKd9JDmHu	-1;-1	n/a	[http://pbs.twimg.com/media/C58dP-dXMAAmDqO.jpg]
surprise	#surprise	2017-03-14 01:38:51 +0100	841448505604485120		@CandaceArtist	en	Candace McFarland	You pick the size of your #dragon, we #surprise you with the rest https://t.co/9DG3rvvQ31 #fantasy #shoppershour https://t.co/bWwhD5dqxH	-1;-1	n/a	[http://pbs.twimg.com/media/C61s9JCWYAAWqxz.jpg]
surprise	#surprise	2017-04-15 11:36:01 +0200	853180098316566529		@janice920512	en	janice	#bookðŸ“– #surprise @ Shanghai Normal University https://t.co/xua3O3xn9Y	-1;-1	n/a	[]
surprise	#surprise	2017-02-07 15:55:14 +0100	828980444821602304		@ZainebAhmedDin	en	ZainebExplore	Our fantastic Tutor of the Year has just walked through the door... #surprise! Amazing work Katie Frostâ€¦ https://t.co/B55z3N1VKq	-1;-1	n/a	[]
surprise		2017-03-14 21:49:25 +0100	841753151896092672		@HelpingLostPets	en	Helping Lost Pets	#dogs FOUND #Surprise AZ,USA, German Shepherd Dog, Feb.26/17, https://t.co/Oqd1egbnz9 @LostDogsArizona	-1;-1	n/a	[]
surprise		2017-05-04 14:35:26 +0200	860110618522791938		@emmacaptainkirk	en	Emma Kirk	I refuse to believe Smashmouth isn't our flunk day entertainment #unlesstheyare #surprise????	-1;-1	n/a	[]
surprise		2017-03-25 18:50:37 +0100	845694425070276610		@NikkiSanderson	en	Nikki Sanderson	Think I need a bigger beer ðŸ˜‰ #rome #birthday #holiday #surprise ï¿½?ï¿½ https://t.co/3i4s2rG6RL	-1;-1	n/a	[]
surprise		2017-03-28 13:27:26 +0200	846685156995989504		@BBeautifulCoy	en	Bookies Beautiful Co	Gift idea for dads,  hubby, fiance..... #gift #gift #gifts #Jersey #surprise #love #dad #husband https://t.co/PQ8JfwvrSe	-1;-1	n/a	[]
surprise	#surprise	2017-02-22 22:12:32 +0100	834511215338647553		@Zeus5115	en	ZEUS C0DE	#Ueberraschungen ðŸ˜¨Ø¨Ø§Ù„Ø£Ù„Ù…Ø§Ù†ÙŠØ©[NEWLINE]#surprise https://t.co/2iCDHR3Iwb	-1;-1	n/a	[http://pbs.twimg.com/media/C5THg77XUAAhnDu.jpg]
surprise		2017-04-21 11:58:34 +0200	855360099870625792		@Keerthana1212	en	Keerthana ðŸ’«	#Surprise is always best âœ¨ https://t.co/oscmIidGt2	-1;-1	n/a	[]
surprise	#surprise	2017-04-04 21:35:51 +0200	849344786825969664		@ImageskincareCA	en	Imageskincare CA	Our Canadian launch parties are fast approaching and we can't wait to show you what's new for 2017!! #surprise... https://t.co/2iZFpVu35J	-1;-1	n/a	[]
surprise		2017-04-11 04:47:56 +0200	851627850050490368		@NetCatNews	en	NetCat Summaries	#news #summary:  #bharatiya  #janata  #party: up  #ministers conduct  #surprise  #inspections, find many late https://t.co/9wMCViJSB4	-1;-1	n/a	[http://pbs.twimg.com/media/C9GXBAvXkAAlNsL.jpg]
surprise	#surprise	2017-01-11 15:31:12 +0100	819189925220405248		@Shadexaminer	en	Shad Engkilterra	Penguin wants to open Hello Kitty Surprise https://t.co/utiapGHOEr via @YouTube #Surprise #HelloKitty	-1;-1	n/a	[]
surprise		2017-02-03 05:08:54 +0100	827368237436370944		@WorkSurpriseAZ	en	Work Surprise AZ	Phoenix #AZ #USA - Pharmacy Technician - #Job Description HealthCare Scouts Inc. is a le... https://t.co/4T96IOxQP6 #CAREER #SURPRISE #WORK	-1;-1	n/a	[]
surprise		2017-02-03 22:03:21 +0100	827623534188969988		@DenCrespi	en	Den Crespi	#prebirthday #happy #workinglife #surprised #misfavoros negroaraiza @reynaldorossano @pedroprietotv https://t.co/FoY3STp0js	-1;-1	n/a	[]
surprise	#surprise	2017-04-01 08:55:42 +0200	848066321937858560		@radioemdikei	en	102.9 FM eMDiKei	#Airplay #Chart18 @bastiansteel - Lelah with @azzahraaulia om #DULENAK #SURPRISE	-1;-1	n/a	[]
surprise	#surprise	2017-02-14 10:16:12 +0100	831431839730515969		@DickMcfart	en	Elizabeth Henderson	#surprise sex movies brooke shields nude in blue lagoon https://t.co/0tGP0Thn9U	-1;-1	n/a	[]
surprise	#surprise	2017-03-17 12:50:43 +0100	842704750135066624		@artsymclisse	en	a\mrc crlos	may sakit po ako sa puso, bawal po ako magulat hahahaha #surprise	-1;-1	n/a	[]
surprise		2017-03-02 11:53:59 +0100	837254655352705026		@Idiot_Idiot_lol	en	Idiot Johnson	#surprised naked girlfriends indian nude girl pics https://t.co/I4QSDm6oke	-1;-1	n/a	[]
surprise	#surprise lang:en	2017-01-07 11:27:06 +0100	817678942714806272		@jobsplentyphaz	en	Phoenix Job Search	Sales Consultant, Home Theater, Appliances, Gaming, and Entertainment #Surprise #SurpriseAZâ€¦ https://t.co/c5jpwlkZ6G #jobsearch #hiring	-1;-1	n/a	[]
surprise	#surprise	2017-04-23 18:11:28 +0200	856178720733675520		@AFInsider	en	Daniel Pickett	I'm calling it now - that wins toy tagline of the year! #surprise https://t.co/OlKCfHNLug	-1;-1	n/a	[]
surprise	#surprise	2017-02-15 08:18:15 +0100	831764543101685762		@harry__betts	en	Harry Betts	Go well tonight @Lufbrarugby !! #SURPRISE	-1;-1	Kensington, London; United Kingdom	[]
surprise	#surprise	2017-01-03 09:12:03 +0100	816195404983398400		@mashavm2	en	Rebecca Nash	#latina #Pantyhose #nipples #surprise #feet #Funny #amateur #preston [NEWLINE][NEWLINE]>>>> https://t.co/vbh9dQgbKh <<< https://t.co/uE9aP8JE1p	-1;-1	n/a	[http://pbs.twimg.com/media/C1O1ZAPXUAEk8tc.jpg]
surprise	#surprise	2017-04-01 07:20:39 +0200	848042404393488384		@SmartKids_Store	en	Smart Kids Store	Great, huh?[NEWLINE][NEWLINE]#surprise #kinder https://t.co/c7bLUyW07k	-1;-1	n/a	[http://pbs.twimg.com/media/C8TaEgGXYAAkSoB.jpg]
surprise		2017-01-09 19:22:51 +0100	818523447093555202		@ChinaLadner	en	China Ladner	#Surprise Chattel Mortgage Definition #mortgage #advice https://t.co/CVqR6YzAwq	-1;-1	n/a	[]
surprise	#surprised	2017-02-18 15:21:48 +0100	832958297279971329		@LepeCountryPark	en	Lepe Country Park	Look what some of our visitors found today at Lepe- Rag Worm Eggs!! #surprised #discovery #wow #lovelepe ðŸ”ŽðŸŒŠ https://t.co/HkmHWizkdT	-1;-1	n/a	[http://pbs.twimg.com/media/C49DHpDWAAAlsth.png]
surprise		2017-01-07 23:47:27 +0100	817865257825763328		@dy_chenchen	en	Chendy Albina	Our 1st maÃ±anita for our birthday girl ðŸ˜€ðŸ˜˜ðŸ‘ªï¿½?ðŸ’ž[NEWLINE]#surprise @ San Jose Ext., Dumaguete City https://t.co/aMmMcRaund	-1;-1	n/a	[]
surprise		2017-03-17 14:19:08 +0100	842726998975938560		@ButterKnights	en	Elena Patterson	girl with small ass #surprise bar sex https://t.co/IO5dFZNiAK	-1;-1	n/a	[]
surprise	#surprise	2017-01-03 04:21:43 +0100	816122341193371648		@mpstahieva	en	Rose Campbell	#rich #boobs #iartg #lesbianporn #Pissing #promote #erotic #surprise [NEWLINE][NEWLINE]--->> https://t.co/uLRNRwFBOy <<<- https://t.co/1fNZT0LDWs	-1;-1	n/a	[http://pbs.twimg.com/media/C1Ny7rMXEAA6_Uj.jpg]
surprise	#surprise	2017-02-12 21:18:21 +0100	830873697716150272		@SirLisaRae	en	Gillian Foster	#surprise birthday party ideas for adults those fucking bitches https://t.co/GYiOasLMnK	-1;-1	n/a	[]
surprise		2017-04-22 09:58:17 +0200	855692217561759745		@radioemdikei	en	102.9 FM eMDiKei	#Airplay #Chart10 @OfficialAanysa ft @snakehipsuk - Burn Break Crush on #DULENAK with @azzahraaulia #SURPRISE	-1;-1	n/a	[]
surprise		2017-03-18 01:54:39 +0100	842902032256253953		@philistheword	en	Gillian Diaz	#surprise anal creampie mature amature sex https://t.co/dW8kljuYMu	-1;-1	n/a	[]
surprise	#surprised	2017-02-26 23:55:06 +0100	835986575217606656		@CurtisGreene2	en	Curtis C. Greene	Is anyone #surprised ? https://t.co/tgiGvx1wCg	-1;-1	n/a	[]
surprise		2017-01-09 01:38:49 +0100	818255672613765123		@RachelStPhotos	en	Rachel Street	Wooow!! Another #surprise in the mail from @LFC for #ham! "I'm taking my lunch & stickers & pencils to school tomorâ€¦ https://t.co/MBz0Myikc8	-1;-1	n/a	[]