anger		2017-03-02 21:51:16 +0100	837404962846048258		@GRYNDHOUSZ	en	GRYNDHOUSZ	#WOMEN are not complicated,they #HATE LIARS.CHEATERS,LITTLE DICKS,LAZY BUMS,DEAD BEATS,SLOBBERY HEAD,ABUSERS & JEALOUSY...that simple:)	-1;-1	n/a	[]
anger	#anger	2017-04-20 17:13:26 +0200	855076952067239936		@Riffian_	en	Lucas HughesðŸ‡ºðŸ‡¸	Trying not to lose my shit right now. I hate being angry all the time. #anger	-1;-1	n/a	[]
anger	#hate	2017-02-06 19:40:35 +0100	828674769688076288		@TheMegGreig	en	Megan Greig	I spend the entire day listening to cute love songs but it's kinda too bad that I #hate all #boy(s)	-1;-1	n/a	[]
anger		2016-11-21 21:06:37 +0100	800792554480484352		@UniverSoulL0ve	en	Universe_Soul_Love	Florida DID NOT have any #healthcare, for the poor, The majority of the ppl.. white, until second term. Your #hateâ€¦ https://t.co/y8Z7avqpKO	-1;-1	n/a	[]
anger		2017-04-29 15:30:04 +0200	858312430505664512		@jaywaymusic1	en	jay	GET FUCKING CRAZY https://t.co/JYfE3e030N #EDM #afrojack #Banger #RAVE #RAGE #MASSIVE #tomorrowland	-1;-1	n/a	[]
anger	#hate	2017-01-23 03:01:24 +0100	823349887748153345		@BrianGal27	en	Bry Gal	I hate that I can't hate the Pats because of McCourty, Ryan, and Harmon... and that makes me hate them. It's a vicious circle, y'all. #hate	-1;-1	n/a	[]
anger		2016-12-01 22:01:57 +0100	804430357596672000		@AMikeLeo	en	M	Some people are going mad this woman said Obama saide you can go vote twice@how stupid can you be#hate people in this world help us lord	-1;-1	n/a	[]
anger	#hatred	2016-08-28 13:21:33 +0200	769857446546378752		@LibDemsTameside	en	Tameside Lib Dems	@CarperJones @pperrin @Nigel_Farage #hatred your turn?! Rather pathetic UKIP have to name call to TRY and prove a point.	-1;-1	n/a
anger		2016-12-02 09:38:11 +0100	804605569357250560		@CoolBasket411	en	BasketofCoolness	Civil rights group documents nearly 900 hate incidents after presidential election https://t.co/ZG4g0Z5XdB #racism #hate	-1;-1	n/a	[]
anger		2016-08-01 10:47:42 +0200	760034258375340033		@Cr1t1calTh1nk3r	en	CriticalThinker	Muslims go crazy during anti islamic movie in sweden https://t.co/A3cra84cIL via and no surprise a #feminist loves it she #hate #freedom	-1;-1	n/a	[]
anger		2016-11-05 01:33:48 +0100	794699196939063296		@smoxesss	en	Scott Cashmore	https://t.co/sQCKEBeZ0T real truth about broke down cheap arse Britain and it's current systems #2016 #dead #wtf #truth #anger #survial	-1;-1	n/a	[]
anger		2016-11-19 07:49:03 +0100	799867063800045568		@emilywspeaks	en	Emily Wu Truong	A lot of people dump poison, #anger, #resentment & #criticism. Donâ€™t take it personally. Just smile, wave & wish... https://t.co/MsJketZPvI	-1;-1	n/a	[]
anger		2016-09-30 04:03:06 +0200	781675710628917248		@cailynblonstein	en	cailyn blonstein	"Saw a video today...reminded me of us...but it's not a sweet thing." #wut	-1;-1	n/a
anger		2017-04-10 15:34:30 +0200	851428173547847680		@biagoodgurl	en	Bia Da fÉ™ËˆsÄ“SHÉ™s	Don't #praise my realness because some don't hate me, they #hate the way I'm #loved by othersâ€¦ https://t.co/eMCPh6XdyX	-1;-1	n/a	[]
anger		2017-04-10 23:30:32 +0200	851547973397995520		@janvanderwijk	en	ÊžÉ¾Ä±Ê? É¹Ç?p uÉ?ÊŒ uÉ?É¾	FUCKING KICK ASS TRACK https://t.co/okybsxheru #tiesto #arminvanbuuren #afrojack #trancefamily #trance #nowplaying #rave #rage	-1;-1	n/a	[]
anger		2017-04-13 16:50:20 +0200	852534421861285888		@aih_fori2	en	aih_fori2	A person #hates u for 1 of 3 reasons. They 1) want 2b U; 2) #hate themselves. 3) C U as a #threat. (& don't tell me hate doesn't exist!)	-1;-1	n/a	[]
anger	#anger	2016-06-14 09:19:48 +0200	742617519312113664		@Lifebest4happy	en	Happy Travel	My humour has always come from anger, but I have to make sure I don't just get angry and jump on a soapbox. ~Carl Hiaasen #anger
anger		2017-04-28 16:42:28 +0200	857968261371232257		@BettysLove	en	Betty's Love	Don't wanna RAIL re #TRUmp[NEWLINE]ANY day[NEWLINE]butAND[NEWLINE]#FridayFeeling[NEWLINE]EVERY day:[NEWLINE]#Hate KILLS.[NEWLINE]https://t.co/FN7U1EOL7mâ€¦ https://t.co/gyF7Qczss8	-1;-1	n/a	[]
anger		2016-05-26 11:18:35 +0200	735762042724876288		@LifeQuotes_999	en	Inspirational Quotes	Yes we #hate #mysoginistpigs and No we do not hate #men in general..only the #douchebags ðŸ˜ â€¦ https://t.co/KgOvkdHMC5 https://t.co/fOeQvgeLeu	-1;-1	n/a	[http://pbs.twimg.com/media/CjXzretUgAAWxFx.jpg]
anger		2016-11-18 10:59:40 +0100	799552645233078272		@BANtheFedoraHat	en	BANtheFedoraHat	@donnabrazile is such a "hippo-crite" It's a shame that the #left can't channel their #hate into real change.â€¦ https://t.co/XG9eBu7sus	-1;-1	n/a	[]
anger		2017-04-22 01:00:49 +0200	855556960435023873		@VanessaLougoon	en	Vanessa Lougoon	Anger is a sign that somethings not fair! https://t.co/9q0ADrsZpy #anger #mindbodysoul #consciousness #wellness #mindbodyspirit #mindfulness	-1;-1	n/a	[]
anger		2017-04-28 04:32:19 +0200	857784511316230144		@subschneider	en	Mark Schneider	@csmith820821 @lovetocook12345 @MarkYoungTruth @debele1901 That is harsh. 100% true, but harsh. The #Left really is full of pure #Hate.	-1;-1	n/a	[]
anger		2016-09-02 19:05:18 +0200	771755896141647873		@MarkFromWI	en	Mark From WI	We don't think about "#BLACKlisted" as a derogatory #hate term?[NEWLINE]#VeteransForKaepernick proves how BROKEN America is![NEWLINE]https://t.co/gup6QdYV2C	-1;-1	n/a	[]
anger		2016-06-17 09:11:20 +0200	743702552861040641		@ursulakphoto	en	Ursula Kelly	It would have been so wonderful to have met this man who's life purpose was about #equality not #hate #NelsonMandela https://t.co/xCyQr0jTYv	-1;-1	n/a	[http://pbs.twimg.com/media/ClIph1UUYAIGp0z.jpg]
anger		2017-01-09 16:20:53 +0100	818477653007089665		@katydubs	en	Katy W	"you know why girls are so lucky? They can whisper" - @Chillington_BM  ........... #wut	-1;-1	n/a	[]
anger		2016-08-13 11:05:12 +0200	764387316341284864		@therealrafaqat	en	Rafaqat Ali Khan	'You cannot diminish #hatred with weapons. You cannot wipe out hatred with hatred. You need love.' HH #YounusAlGohar https://t.co/ZRiY1S77ri	-1;-1	n/a	[http://pbs.twimg.com/media/CpsRV4wWAAE6kNx.jpg]
anger	#hate	2016-09-04 00:44:02 +0200	772203526571171841		@SixIsSick	en	SIX	#VMAs kinda get worse each year :/ bring back the good #pop #music haha ...still enjoyed it !c #nohate... but kinda #hate Ari killed though	-1;-1	n/a
anger		2016-08-26 23:37:41 +0200	769287729184210944		@SylarusTV	en	IamSamael	LIVE NOW! Check me out ! #begsforfollow , catch me out makin some outplays in League! #Twitch #LeagueofLegends #rage https://t.co/mAqWdiXS31	-1;-1	n/a	[]
anger		2016-12-20 02:22:19 +0100	811018861180907520		@DSKPhillygirl	en	Deborah S Kravitz	@realDonaldTrump You are still a LOSER, over 2,800,000 more voters were for @HillaryClinton for President. You won on #Hate, feel good?	-1;-1	n/a	[]
anger		2016-02-20 18:09:06 +0100	701091218650828800		@Taoist_Skeptic	en	James Taoist	@Pen_Bird Perhaps... but the current #anger #racism #violence is really gelling w/ Trump supporters.[NEWLINE]@ErinTaylor14 @jazzmessenger	-1;-1	n/a	[]
anger		2017-01-21 03:31:50 +0100	822632770090496001		@Pres_Gaslight	en	President Gaslight	you are an angry lil pepe aren't you?[NEWLINE]I have the best #hatred ... seriously, my ppl are so good at #hate [NEWLINE]#MAGA3Xâ€¦ https://t.co/D0ltJadWKw	-1;-1	n/a	[]
anger	#anger	2017-01-26 15:30:41 +0100	824625610752458753		@callport	en	Chris Allport	Who Does Anger Really Punish? https://t.co/Vsr6W780nb #anger #personalleadership	-1;-1	n/a	[]
anger		2017-05-07 05:36:13 +0200	861062087124103170		@scHRikz	en	Râ­•ï¸? âœªâœ¿  âœ¿	#MIND is not a #dustbin to keep #anger #hatred & #jealousy. It is a #treasure box to keep #love #happiness & sweetâ€¦ https://t.co/u2Uh4a9XvO	-1;-1	n/a	[]
anger	#rage	2017-02-21 17:04:30 +0100	834071305884413952		@PulpNews	en	PulpNews Crime	High speed, not road #rage, caused #fatal rollover crash, #police say - Feb 21 @ 11:04 AM ET  https://t.co/djrLXGwi4i	-1;-1	n/a	[]
anger		2017-03-08 17:44:09 +0100	839517101530427393		@kramdas	en	Kavita N. Ramdas	@ahindu_ sad you don't understand basic #compassion and don't understand the basic teachings of #HinduPhilosophy why so #Insecure?Why #Hate?	-1;-1	n/a	[]
anger	#hate	2017-02-09 15:06:29 +0100	829692953513844742		@46steve	en	steve bridges	Farage and Hopkins will be mightily displeased #hate@LBC https://t.co/KgYYAzuQRy	-1;-1	n/a	[]
anger		2017-02-25 04:12:33 +0100	835326591035043840		@RealSeek	en	Michael Herbert	More Symptoms of #Trump Inspired #Hate & #Xenophobia + Tacit Support of White Supremacy in #America!  https://t.co/HnAvPEJef6 via @YahooNews	-1;-1	n/a	[]
anger	#wut	2016-08-30 13:44:37 +0200	770588026535677952		@c_garbs6	en	Christyne Grabanski	I've been having some WEIRD dreams lately. Have me waking up every morning saying "wtf..." #wut	-1;-1	n/a
anger		2017-04-28 15:44:17 +0200	857953618661707776		@NormalcyBias	en	Aneda Ceeko	#NationalSuperheroDay  Unequivocally w/o doubt #BernieSanders. He's#proved #criticism #hate&#lies will not #hault his [NEWLINE]#fight4American ppl.	-1;-1	n/a	[]
anger		2017-01-29 00:31:34 +0100	825486504365432833		@haeranayo	en	H (í˜œëž€)	#hate is not #christian. but i am so very damned annoyed the #whitehouse is claiming their values as christian. shut up and heart attack.	-1;-1	n/a	[]
disgust		2016-04-09 15:38:36 +0200	718795248583839745		@POSY1022	en	Miss American Pie	Last night this guy tried to dance with me and it felt so nice to tell him I was taken and actually mean itðŸ˜„ #disgust	-1;-1	n/a	[]
disgust		2017-02-24 16:04:19 +0100	835143323291549696		@justiceseekrmeg	en	justiceseekermeg	More are leaving....in #disgust @realDonaldTrump unable to let in that he is #dispicable #NotMyPresidentâ€¦ https://t.co/VYdbB8DJRN	-1;-1	n/a	[]
disgust		2017-01-23 06:10:38 +0100	823397509024206848		@HennaK92	en	S-A	Didn't expect from Karan and Farah to stoop so slow. ðŸ‘ŽðŸ?»#Disgust #BB10	-1;-1	n/a	[]
disgust	#drink	2017-04-20 21:22:45 +0200	855139695587545088		@JordanKnopf	en	Jordan Jxk	So disgusting ðŸ˜‚ðŸ˜‚ðŸ˜‚ðŸ˜‚ðŸ˜‚ #starbucks #unicorn #drink #disgusting #snapchat https://t.co/sluAGlJ4TP	-1;-1	n/a	[]
disgust		2016-12-07 17:34:31 +0100	806537381226696704		@maci42	en	Maci 42	@ABC @TheView disrespect continues? These are not views, its reputation demolition. Used to dvr, now turn off. Give Trump a chance!#disgust	-1;-1	n/a	[]
disgust		2016-01-15 15:05:22 +0100	687999015766618112		@223star	en	Claire	Is the rumour really true that our championship winning, trophy winning manager was sacked over the phone @JonLansdown @bcfctweets #disgust	-1;-1	n/a	[]
disgust		2016-08-11 06:59:07 +0200	763600611053080576		@apurvaoka	en	Apurva Oka|à¤…à¤ªà¥‚à¤°à¥?à¤µ à¤“à¤•	#WEH is hell they say. #EEH is Way to Hell then. Not much difference. #Mumbai #traffic #population #roads #potholes #disgust	-1;-1	n/a
disgust	#disguise	2016-05-11 03:51:43 +0200	730213768542621697		@DocMac	en	âœ¨Josie	Planning my trip without any #DMB clothing is harder than I thought. #coolsville #disguise
disgust	#disgust	2017-03-23 07:18:22 +0100	844795437827555328		@cupcaking3	en	Ash Garnier	@Kris_Sacrebleu "Trump has been spending tax dollars on leisure travel at more than ten times the rate of his predecessor" #disgust ðŸ˜ 	-1;-1	n/a	[]
disgust		2016-10-17 17:47:49 +0200	788043849289568261		@demomaven	en	KKR	I'm sorry...I just can't watch it at all. No #emoji to show the appropriate level of #disgust. https://t.co/jocxJFk3zT	-1;-1	n/a	[]
disgust	#disgust	2017-03-27 10:02:28 +0200	846271184765403136		@GinoA797	en	Patti Albericci â˜®	@freedomcaucus can't wait for all of you to lose your seats. Thanks for making our country stuck with with Obamacare!Our own party! #disgust	-1;-1	n/a	[]
disgust		2016-12-06 07:33:15 +0100	806023682107838465		@EmyFlook	en	â™¥Â£mÂ¥ ChÂ£n!Â£r-Flâ€¢â€¢Kâ?¤ï¸?	@brianstelter YOU ARE THE MOST IDIOTIC UNINFORMED UNEDUCATED LOSER ON TV PAID SHILL TO SPREAD BS PROPAGANDA STFU #PIZZAGATE IS REAL #DISGUST	-1;-1	n/a	[]
disgust	#sad	2017-02-09 19:20:08 +0100	829756787167526913		@Nadia_sheik	en	NaDiA	This is literally the "State of our Nation" one big mess. #Sad #Disgusted #SONA2017	-1;-1	n/a	[]
disgust		2017-04-03 20:21:09 +0200	848963597753622529		@ggcros	en	Geraldine Cros	My colleagues had a little fun while I was away. Also that's how they see me #Anger [NEWLINE]I think I'm more #Disgust thouâ€¦ https://t.co/QL94TfMWpY	-1;-1	n/a	[]
disgust		2016-12-06 23:57:06 +0100	806271275979055104		@n_r_quay	en	Oi Yu	@CyborgSorcerer @SenatorMRoberts funny you call people who won't gamble our future lunatics and hacks & people who deny normal #disgust	-1;-1	n/a	[]
disgust	#disgust	2017-03-14 01:38:17 +0100	841448360762564608		@jnesky88	en	Jeanie	I don't have any love for #45 but this is just totally uncalled for! #Disgust https://t.co/iX3Q2Dvk8H	-1;-1	n/a	[]
disgust	#disguise	2016-04-01 02:08:24 +0200	715692252371296257		@VictorFaganII	en	Victor R. Fagan II	Need some fun and a #disguise and I will set you free.
disgust		2016-08-21 03:52:33 +0200	767177538275803136		@KMertikas	en	Katerina Mertikas	Summer so far great except the bad experience we had @AcadeCap Would not recommend your kids attend camp there! #disgust #mean #notcaring	-1;-1	n/a
disgust		2016-12-07 12:23:56 +0100	806459221315297280		@Cobbleswash	en	Sammy Turner	@Debenhams parking alone cost Â£7 to get the flowers you sent late #disgust me. DO NOT BUY FROM DEBENHAMS I am outsourcing this to #insta #fb	-1;-1	n/a	[]
disgust	#disgust	2017-01-11 00:39:48 +0100	818965596268175360		@Joanieg88	en	Joan Green	I seriously have no words. #disgust https://t.co/aedVaBf094	-1;-1	n/a	[]
disgust	#disgust	2016-05-17 12:55:57 +0200	732525055339454465		@pxparv	en	fuck bangkok traffic	fuck bangkok traffic thailand undeveloped and will never develop i knew it i accept the truth but hate to deal with it #disgust
disgust	#disgust	2017-03-02 16:19:54 +0100	837321573216448512		@Musteebooks	en	Bibliotaph	White House won't penalize Kellyanne #Conway for plugging Ivanka Trump's brand https://t.co/HNu3IZAXM3 Did anyone think they would? #disgust	-1;-1	n/a	[]
disgust	#disgust	2017-01-04 05:42:18 +0100	816505009252814848		@Lara5124	en	Lara	@bellebottoms1 @therealroseanne NO ONE touches a child like this. Want him to do this to your daughter? #Disgust #pedophile	-1;-1	n/a	[]
disgust	#disgust	2017-04-04 03:24:23 +0200	849070110014926853		@juliekellyroge1	en	Julie Rogers	@FoxNews u #disgust me 1st #RogerAiles now #BillOReilly why don't u try doing the #News #Stop I don't watch ur channel #neverhaveneverwillðŸ‘Œ	-1;-1	n/a	[]
disgust		2016-07-06 03:32:57 +0200	750502765248393217		@GallegosElyse	en	elyse gallegos	@ckgregory @MayorGinther wow! That's uncalled for- can't believe it was allowed into the parade #disgusting #sad	-1;-1	n/a
disgust		2016-04-02 13:46:36 +0200	716230349529956353		@mackey69er	en	Mackey69er	Crazy how well it fits including a little mohawk #devil #in #disguise https://t.co/3QJWLB0A7o	-1;-1	n/a	[http://pbs.twimg.com/media/CfCPsGFWwAAPp_O.jpg]
disgust	#disgust	2016-09-26 03:58:26 +0200	780224984543289344		@campione_ja	en	capt. jack	These girls have no shame #disgust	-1;-1	Cape Coral, FL; United States
disgust		2016-04-06 23:03:26 +0200	717820032059891713		@Evil_IsntBorn	en	Rach	@NikkieTutorials @THR Hate crimes? HATE CRIMES?! Are you fucking kidding me?!..I--what is this world we live in? I can't comprehend #disgust	-1;-1	n/a	[]
disgust		2016-04-23 20:20:18 +0200	723939570681810944		@NatalieCWarren	en	Natalie	Maeve and mum day so we played around for craft time! #disgust #insideout #dressupisfunâ€¦ https://t.co/2Aeg626w1G	-1;-1	n/a	[]
disgust		2016-08-29 14:30:32 +0200	770237195391238144		@watchfizz	en	Fizz	Best Gift in Disguise!ðŸ˜¢[NEWLINE]More fun on https://t.co/ily9M2f0gw[NEWLINE]#macbook #air #gift #disguise #fool #me #notebook #cry https://t.co/X081ltGvU6	-1;-1	n/a	[http://pbs.twimg.com/media/CrBupUSWgAAtEt8.jpg]
disgust		2016-12-13 11:30:37 +0100	808620131119022080		@NTrakker2016	en	WarNewsTrakker2	#Genocide[NEWLINE]What is happening in #Aleppo is a testament of inhumanity. Where are the so called "saviors" of the world now? #Disgust #Shame	-1;-1	n/a	[]
disgust	#disgust	2016-06-08 06:47:46 +0200	740404933246259200		@sbarcinasx	en	âž°rie	Omg that was a sick ass move, ur guy hitting me up joking or not but ew that ain't rightðŸ˜· #disgust
disgust		2016-11-02 19:27:29 +0100	793882237460680704		@davelx	en	Dave Lexington	A bit of #disgust can change how confident you #feel https://t.co/L9BzCODZW7	-1;-1	n/a	[]
disgust		2017-05-04 23:31:25 +0200	860245502654267392		@RobinPitman55	en	Robin Pitman	Yes I'm saying it. I detest Trump, Ryan and the whole administration. They are evil and have no soul.  #disgusting #evil #sad	-1;-1	n/a	[]
disgust		2016-09-24 20:25:14 +0200	779748544479629312		@ResetAmerica16	en	Reset America 2016	We will not be forced to vote in an #unpopularitycontest. The #election2016 is a mess.[NEWLINE]#fear #hate #terror #disgustâ€¦ https://t.co/Ks4HLvsLEK	-1;-1	n/a	[]
disgust	#disgust	2017-02-23 07:08:19 +0100	834646050157703168		@thedesitrump	en	Vikram Murthy	@UberINSupport booked a cab, shows 2x surcharge, say yes, 2 mins later someone else calls up,so i cancel the latter and both cancel #disgust	-1;-1	n/a	[]
disgust		2017-02-11 23:58:18 +0100	830551564922269697		@n59_puppche	en	PÃ¼ppcheN59	ðŸ‘†ðŸ?»Aber genau So ein #Ekel! = kennen wir,brauchen wir, wollen wir -----NICHT------ ðŸ¤”alles die gleiche ðŸ’©â?—GO und TSCHÃœâ€¦ https://t.co/36d3KibUoS	-1;-1	Germany; Germany	[]
disgust	#disgust	2016-06-13 06:42:19 +0200	742215498511720448		@BrihdetDidit	en	Brihdet Greenwood	Ever notice when you get 2 the place that you're completely REPULSED by the opposite SEX, THAT's when EVERYBODY wants to DATE you? #disgust
disgust	#sad	2017-02-12 04:33:30 +0100	830620821869703169		@BobbyBrooks77	en	Bobby Brooks	@SenatorGrantham @POTUS is a national / international embarrassment... not a laughing matter! #Disgusting #Sad	-1;-1	n/a	[]
disgust		2016-09-19 21:46:47 +0200	777957127843348480		@Hendehibby	en	Neil Henderson	@BBCScotlandNews @hazelbagend What is actually getting thought about "Jock shock" really is Murdoch press like. #disgust	-1;-1	Ferniegair, Scotland; United Kingdom
disgust		2017-05-08 04:11:06 +0200	861403053127159808		@pam_rubitsky	en	Pam Rubitsky	@ABC Just have to pay 5 times more. #disgusted #cheeto #liar #sad #2018	-1;-1	n/a	[]
disgust	#disgust	2017-04-10 01:11:45 +0200	851211057179787266		@goooulet	en	Jason	@Mariners That was an embarrassing and inexcusable loss. The manager needs to rethink his job. #disgust #mariners 1-6 so far!!!!! Really!	-1;-1	n/a	[]
happy		2016-07-29 05:03:23 +0200	758860444517867521		@hshouston	en	Hunter Jay Hart	Since I'm told I don't smile enough. #smile #gayboysmiling #happy https://t.co/O2mCAJMyHF	-1;-1	n/a	[]
happy		2017-04-11 18:28:59 +0200	851834475365507072		@mtgsbychristina	en	Christina Steplock	#Pride & #Joy....very powerful words for us as adults...life changing for children. Always tell your kids how muchâ€¦ https://t.co/cDvdAGjQyP	-1;-1	n/a	[]
happy		2016-08-18 15:05:13 +0200	766259657887350784		@ediedyann	en	Edie Robinson	Smile more, laugh more, don't sweat the small stuff. #babysteps #happiness #betterdaysâ€¦ https://t.co/U4I4x3cNSh	-1;-1	n/a	[]
happy	#peaceful	2017-03-06 05:12:25 +0100	838603145592786945		@TheMargDarshak	en	TheMargDarshak	#Entrepreneurial minds need to solve real hard problems in the world to create a #healthy, #prosperous, #joyous &â€¦ https://t.co/CwHVaFqftq	-1;-1	n/a	[]
happy	#luck	2016-09-22 15:01:01 +0200	778942174754967552		@amberandlilo	en	am2ber	Accidentally left my house 20 minutes late this morning, ended up making it to class on time because it was raining & no construction ðŸ˜‡#luck	-1;-1	n/a
happy		2017-01-27 21:11:42 +0100	825073820038004737		@Gagan_India	en	Gagan Singh	Had An Awesome Weekend...Lots Of Love To All These Cuties ðŸ˜˜â?¤ðŸ¤“. [NEWLINE][NEWLINE]#friends #lucky #love #funâ€¦ https://t.co/v1Cw91YH82	18.975;72.8258	Mumbai, India; India	[]
happy	#joy	2016-12-16 15:04:52 +0100	809761212758106112		@SlowYourRo	en	Robert Taveras	Picking up my lil sis from university. They grow up so fast. Makes me cry, cause I'm getting old. #university #adventure #joy	-1;-1	n/a	[]
happy		2016-10-05 22:57:51 +0200	783773215566995461		@lilly_west10	en	Lilly West	These masks can't hide our #joy! Mask making before talking PCI goals/strategies! #vbhasjoy @CongerCasey @CreedsES https://t.co/xmFIA79NNv	-1;-1	n/a	[http://pbs.twimg.com/media/CuCFkRBWgAAulJj.jpg]
happy		2016-08-10 23:19:00 +0200	763484818529280001		@AndrewRothMusic	en	Andrew Roth	My #happy song "So Glad" Free Download! https://t.co/fwOtilbbtu #shoegaze #newmusic #newsong	-1;-1	n/a	[]
happy		2016-05-17 09:00:29 +0200	732465799391121408		@HazeFM	en	HAZE.FM	No one is in charge of your happiness except you. #40SecretsForHappyLife https://t.co/X69nYIxJEr  #life #happiness	-1;-1	n/a	[]
happy	#happy lang:en	2016-05-16 14:55:26 +0200	732192734660939776		@SJBollytots	en	Sarah-Jayne B	@Debenhams Alex from click+coll Norwich store was so helpful on Sat. He went the extra mile to help. Top marks for cust service! #happy
happy		2016-11-18 09:52:47 +0100	799535812954193920		@DawnBoothWilson	en	Dawn Booth-Wilson	My little angel gave me this little angel.  It has given me #inspiration #today #lucky #beautifuldaughter https://t.co/gHkoajogxp	-1;-1	n/a	[http://pbs.twimg.com/media/CxiFkEdXgAAD56S.jpg]
happy		2016-12-16 19:00:29 +0100	809820509185527808		@zindigostore	en	Crazy Shoes	No medicine cures what happiness cannot. https://t.co/CjLRwidHF6 https://t.co/SQOwbezmRD #quotes #happiness	-1;-1	n/a	[http://pbs.twimg.com/media/Bm33A7pCcAAc8Or.jpg]
happy	#lucky	2017-03-23 13:08:39 +0100	844883590060093447		@StephBeresforde	en	Stephanie B	Can't wait to be in Padstow at the weekend but can't complain about this view at work @SteinBarnes #Lucky https://t.co/2DS9shSH3j	-1;-1	n/a	[http://pbs.twimg.com/media/C7mhIpxXQAAZP2G.jpg]
happy	#happiness lang:en	2017-01-25 21:17:03 +0100	824350391072468992		@_JesusOnline	en	Jesus Online	#God #Jesus #Bible #Happiness #Love #Pastor #Christian #Faith #peace #GodisGood #VotD[NEWLINE][NEWLINE]FOR WE WALK BY FAITH, NOT BYâ€¦ https://t.co/oJGvxS0mNy	-1;-1	n/a	[]
happy	#happy lang:en	2016-08-05 07:46:01 +0200	761438087142440960		@Mariieluvs_MUSE	en	Maria Williams	I have a peak in happiness atm seems things are lining up. I love my little family. #MWfam #love #happy	-1;-1	n/a
happy		2017-03-30 13:00:52 +0200	847403247706939393		@JoshHog89741717	en	Josh Hogan	Galatians 5:22, 23--These are some of the ways we feel when we feel the Holy Ghost. #Holy Ghost #love #joy #peace #gentle #good	-1;-1	n/a	[]
happy		2016-12-07 23:43:15 +0100	806630179732946946		@BreannaDemers9	en	Breâœ–ï¸?	So blessed and happy to have Caleb officially adopted into the family today, love that little boyðŸ’™#happy adoptionday	-1;-1	n/a
happy	#happy lang:en	2016-05-02 21:44:39 +0200	727222291013197826		@VictoriaRoisinH	en	vicki holmes	A nice JD & Coke after an amazing weekend and a lovely meal tonight & it's my birthday tomorrow, feel very lucky right now #happy #birthday
happy		2016-12-24 08:46:37 +0100	812565125542461440		@anna_guch	en	Anna Guch	https://t.co/ltnFo4xQW6[NEWLINE]35 Little Things That Bring Happiness to Life[NEWLINE]#Happiness #Things https://t.co/0fsO8JQGaQ	-1;-1	n/a	[http://pbs.twimg.com/media/C0bPnQaUUAA0gYY.jpg]
happy		2017-04-21 10:21:01 +0200	855335552937115649		@JoshSarzee	en	Josh23i	@jewlslovesyou Why so sad... Pickup yourself and brush up into happiness .. live free ... #happy	-1;-1	n/a	[]
happy		2016-04-02 21:35:11 +0200	716348272080715776		@TheTurquoiseIri	en	Dionne Woods	I just received these roses from a happy client! Aren't they so great?!?! #kind #generous #happyâ€¦ https://t.co/SgxFx9sQw1	-1;-1	n/a	[]
happy		2016-07-16 04:52:08 +0200	754146571067854848		@caitzahn	en	Caitlyn Zahn	Totally inspired by the movie #joy	-1;-1	n/a
happy		2016-05-02 21:33:29 +0200	727219479751462912		@BBQLifestyles	en	rjramirez	The Happy Face grew a body! Now he's really #happy! https://t.co/epH3Rmvfqv	-1;-1	Sweet Tomatoes; United States	[http://pbs.twimg.com/media/CheaQVvU0AABYi2.jpg]
happy		2017-01-27 08:40:02 +0100	824884658697433088		@BarbaraIreland	en	Barbara Ireland	What pattern are you willing to break to feel more #happiness? #ThursdayThought https://t.co/0NwlfFui5C	-1;-1	n/a	[http://pbs.twimg.com/media/C3KUOSXUMAIIqSV.jpg]
happy		2017-01-08 13:39:19 +0100	818074606619725824		@ThickLuciousBBW	en	ThickNLuciousBBW	Don't let the silly things #steal your #happiness   #Goodmorning #instagramers #tweeters #tumblrâ€¦ https://t.co/4I1FqU7yp5	-1;-1	n/a	[]
happy	#happiness	2017-03-12 23:30:26 +0100	841053797707329537		@DougDellaPietra	en	Doug Della Pietra	3 Keys to Being Happier and More Engaged at Work (Video Webinar) https://t.co/fKmrqeUV0h by @StellaGrizont #happiness #workplace #worklife	-1;-1	n/a	[]
happy		2016-07-27 17:55:33 +0200	758329990199046146		@HibbertHomesEA	en	Hibbert Homes EA	More kind words from our happy clients #sales #rentals #happy #service https://t.co/FbMd0kgHRb	-1;-1	n/a	[http://pbs.twimg.com/media/CoYhF68WEAMEZvV.jpg]
happy		2016-05-04 03:34:26 +0200	727672702908149762		@IP_Quotes	en	Inner Peace Quotes	"Do not waste today's #joy by thinking of tomorrow." ~Sri Chinmoy #quote	-1;-1	n/a	[]
happy		2017-04-25 08:43:25 +0200	856760541003603968		@mwelshcatering	en	Mike Welsh	Still smashing out the 5* reviews @7StarsKennford . Really proud of what we do there. Thank you team.[NEWLINE]#happy #chefâ€¦ https://t.co/ftuGQts8On	-1;-1	n/a	[]
happy	#happiness	2017-01-19 20:51:37 +0100	822169662360207360		@marilyngordon	en	Marilyn Gordon	What are some action words that express your life purpose? Healing, transforming, understanding, inspiring or #happiness #enlightenment	-1;-1	n/a	[]
happy		2016-05-26 21:46:16 +0200	735920002847641604		@HelenaBriggs18	en	HBriggs Photography	Add some sunshine to your day! #sunshine #summer #sun #happy #smile #happiness #fashion #style #accessories #handbag https://t.co/rxa36rdMtT	-1;-1	n/a	[]
happy		2017-05-06 16:09:48 +0200	860859145267945472		@Qetusi92	en	Kate	yasssss ðŸ˜?ðŸ˜?ðŸ˜? [NEWLINE]you two ðŸ‘ŒðŸ‘‘â?¤ï¸? @Shezocas @MariaSharapova [NEWLINE]so much LOVE #Happiness ðŸ™Œ #MyGirls https://t.co/NM59OJa3Jc	-1;-1	n/a	[]
happy	#joy	2017-01-23 16:30:11 +0100	823553421378809857		@raven45633	en	Stephanie Clark	Just sharing some Monday madness! Enjoy your day! #fun #funday #Monday #peace #love #joy #inspiration #funnysayingsâ€¦ https://t.co/0jqJC2KHhC	-1;-1	n/a	[]
happy		2017-01-01 04:30:38 +0100	815399807581884416		@SandosCaracol	en	Sandos Caracol	Save some room for the #Lucky #Grapes; 11:45 at the Theater[NEWLINE][NEWLINE]Guarda lugar para las #Uvas de la Suerte; 11:45 en elâ€¦ https://t.co/Xf3UTlUGRN	-1;-1	n/a	[]
fear		2017-03-14 18:18:10 +0100	841699989927550976		@FightingTough	en	Fighting Tough	Don't look #fear in the face, let fear look at the ground!	-1;-1	n/a	[]
fear		2016-12-30 00:48:21 +0100	814619095350054912		@feedingjoy	en	Joy is a Lifestyle	@mamandiallo2014 #Mission4Joy #19: Let #fear fuel your fire; let it serve you rather than consume you![NEWLINE]#RT   Done[NEWLINE]#FAV Saved	-1;-1	n/a	[]
fear		2017-01-16 02:23:42 +0100	820803682166050817		@WorryHangers	en	Worry Hangers	For parents, 'still a lot of hoops to jump through' - https://t.co/Vi4FBHMplV https://t.co/cxm5wIL8iA #worry #mindfulness	-1;-1	n/a	[]
fear		2017-01-17 14:07:25 +0100	821343168742494213		@nirmangs	en	Olivia Morgan	#fear factor naked video naked black horney girls fucking https://t.co/GDKO7oLgjE	-1;-1	n/a	[]
fear		2016-11-06 20:00:24 +0100	795340071985614852		@Maimah	en	Maimah Karmo	Subscribe to the latest issue of @Pureblissmag and radically change your life!  Subscribe at https://t.co/s2507rvqzb #bliss #joy #fearless	-1;-1	n/a	[]
fear		2016-05-15 05:27:57 +0200	731687536414838788		@RescueRX	en	Relationship Rescue	Don't fear....it's not the end! - Rock[NEWLINE][NEWLINE]#fear #faith #theend #itwillallcometogetherâ€¦ https://t.co/sBd1TJhL5a	-1;-1	n/a	[]
fear		2017-01-28 19:09:49 +0100	825405535360999424		@aliciaschulz33	en	alicia	Don't give into fear on this New Moon. Fight #fear and #hate with #love #kindness #tolerance #equality	-1;-1	Los Angeles, CA; United States	[]
fear	#afraid	2016-06-28 16:28:36 +0200	747798860538445824		@FreedomPreneurJ	en	Jessica C. Doucette	Let us never negotiate out of fear. But let us never fear to negotiate. - John F. Kennedy #fear #afraid
fear		2016-09-13 06:00:37 +0200	775544690896666624		@sheroldbarr	en	Sherold Barr	The fear of failure can handicap you so that you donâ€™t have to try something new. #failure #fear	-1;-1	n/a
fear		2017-02-13 03:21:55 +0100	830965195304427520		@JoyofLivingwL	en	Joy of Living wLaleh	What if #fear wasn't real? Fear distracts us from our creativity & power &, in your body, fear is actually very similar to excitement #Laleh	-1;-1	n/a	[]
fear		2017-03-09 22:35:31 +0100	839952815447486465		@WorryHangers	en	Worry Hangers	I Pooped On My Table & I Don't Get Why It's Such A Big Deal - Romper https://t.co/g3arTPIQ43 #worry #mindfulness	-1;-1	n/a	[]
fear		2017-02-21 16:07:07 +0100	834056864753188864		@MrandMrs_Clark	en	Mr and Mrs Clark	"Nothing is more despicable than respect based on#FEAR" Albert Camus	-1;-1	n/a	[]
fear		2017-02-01 11:01:00 +0100	826732071452291072		@FayLamb	en	Fay Lamb	Sometimes #fear is a bully. It tells you when you can sleep, when you can eat or not eat. https://t.co/6Wz8CyQenK	-1;-1	n/a	[]
fear	#panic	2016-06-23 21:57:52 +0200	746069786182856705		@ononmc	en	Nurul 'Ain	Omg my little brother has moustache he has really grown older. #panic #youstillcantdate
fear		2016-07-02 01:21:12 +0200	749020057649328128		@AmericanPraise	en	American Praise	Retweeted BestBibleTweets (@BestBibleTweets):[NEWLINE][NEWLINE]â€œWe may boldly say: â€˜The LORD is my helper; I will not #fear. What... https://t.co/yjZ2noRyBI	-1;-1	n/a	[]
fear	#fear	2016-09-06 23:10:15 +0200	773267091906523136		@Terry__Marshall	en	Terry marshall	Don't think I could live by myself constantly needing folk to help kill spiders for me ðŸ˜³ #fear #sweating #nosleeptonight	-1;-1	n/a
fear	#fear	2016-06-11 18:25:35 +0200	741667706877906946		@emilyphilosophy	en	Emily	@PauleastHull interest in politics great & we need more participation & engagement in our futures. Just wish it was based on #hope not #fear
fear		2017-01-21 17:46:46 +0100	822847918403178503		@SchwaebischeAff	en	SchwaebischeAffe	The alt-right just can't stand it, can they? What is with this deep-seated #fear of women? It's a peaceful protest,â€¦ https://t.co/zj28ovHsRC	-1;-1	n/a	[]
fear	#proud	2016-09-14 00:57:08 +0200	775830702675943424		@RefuseToSinkSJ	en	Danny	Just captured and took a relatively big spider out of the house on our own. Big step made today #fears #proud #adulting[NEWLINE]Be proud @zoeeguy3 ðŸ˜‚	-1;-1	n/a
fear		2016-07-18 10:19:05 +0200	754953625512779776		@Lifebe1happy	en	Everything New	I don't want the fear of failure to stop me from doing what I really care about. ~Emma Watson #fear	-1;-1	n/a
fear		2016-08-02 15:47:16 +0200	760472035101380608		@ayesha_gohar	en	Ayesha YRG	#QuoteoftheDay '#Love and #fear do not go together.' - His Holiness #YounusAlGohar https://t.co/YXnr3IM7Jk	-1;-1	n/a	[http://pbs.twimg.com/media/Couk0WhUIAABLxy.jpg]
fear		2017-03-11 10:00:24 +0100	840487560241655809		@onebloodbook	en	Author Qwantu Amaru	"I am not fearless. I am terrified but I write anyway." - Roxanne Gay #writerslife #fear https://t.co/Acpxgpych1	-1;-1	n/a	[http://pbs.twimg.com/media/C6oC-uxW0AAyGBC.jpg]
fear	#worry	2017-02-07 13:57:49 +0100	828950896964931584		@BettysLove	en	Betty's Love	Seeking JOY?[NEWLINE]Wishing for #Love?[NEWLINE]Writing toward bestseller #success?[NEWLINE]#Worry not.[NEWLINE]Your time will come.â€¦ https://t.co/2uFxOPKgdF	-1;-1	n/a	[]
fear		2016-09-13 08:51:55 +0200	775587799009550337		@brendalitheron	en	Brendali	The way to get rid of #fear is to pass it on t someone else...ðŸ’¥ðŸ˜‹ðŸ’ªðŸ?¼ don't be afraid to #achieveâ€¦ https://t.co/FlExbHjfrg	-1;-1	n/a	[]
fear	#panic	2016-12-12 20:26:04 +0100	808392494031536129		@sofiluks	en	sofia	My pillowcase just broke!?!? I can't sleep without it ðŸ˜±ðŸ˜°ðŸ˜­ it's like my safty blanket... but of pillows ðŸ˜±ðŸ˜± #Help #ColdPillow #Panic	-1;-1	n/a	[]
fear	#panic	2016-06-19 10:01:24 +0200	744439928960884741		@VLNXbb	en	VLN X bb	fuck[NEWLINE]4am finds me doing dishes, dubstep on iPod, trying not to #panic over my mortality & a #FathersDay picnic (which is in 8 hrs)[NEWLINE]#anxiety
fear	#strength	2016-12-07 22:27:33 +0100	806611125395738637		@Snuggles84	en	Emma B	Well said and very true #MentalHealthAwareness #panicattacks #anxiety #strength https://t.co/6mwbqvtj0Y	-1;-1	n/a
fear	#angst	2017-01-04 19:27:10 +0100	816712593540780032		@KA_Botello	en	K.A. Botello	Hooray 90k words of story! I hope they're not all terrible. I have more rewriting to do. #writerslife #angst	-1;-1	n/a	[]
fear		2016-12-24 10:22:06 +0100	812589153753956353		@Mark_Minard	en	mark minard	I am NOTÂ #afraidÂ to be terrible! - Mark Minard	-1;-1	n/a	[]
fear		2016-06-20 18:12:30 +0200	744925904934154240		@WorryHangers	en	Worry Hangers	Battle for flood relief dollars still raging for some Calgary residentsâ€¦ https://t.co/b3QnlaAeVP #worry #mindfulness	-1;-1	n/a	[]
sad	#sad	2016-12-27 19:27:50 +0100	813813656622428160		@Mr_M123	en	Richard	Not known a year of losing so many celebrities - grim reeper trying to cram as many in as he can before 2016 ends! Hope 2017 is better! #sad	-1;-1	n/a	[]
sad		2017-03-17 06:11:36 +0100	842604308680003588		@MCOptiks	en	MCOptiks	@mikd33 @realDonaldTrump his redneck followers don't care or need no fancy book learnin'! #Sad	-1;-1	n/a	[]
sad		2017-03-25 20:23:50 +0100	845717884399763456		@Rose_diamonds19	en	DiamondðŸ’Ž	@deray he lie so much he can't even remember saying it #sad https://t.co/IYMFmk5wC9	-1;-1	n/a	[http://pbs.twimg.com/tweet_video_thumb/C7yX7EmWkAEpQMx.jpg]
sad		2017-01-14 20:53:37 +0100	820358226881417218		@Shalmei	en	Patrick	@realDonaldTrump Sounds like the little boy who got caught doing something wrong and is now trying to lie his way out of a spanking. #sad	-1;-1	n/a	[]
sad		2017-02-16 10:49:04 +0100	832164887203713025		@Ashkiiaxix	en	Well, well, well...	@veganpope yep really sad there was no one catching that on film. #SAD	-1;-1	n/a	[]
sad	#sad	2017-02-27 06:28:14 +0100	836085514188935168		@lisaloutaylor	en	Lisa	I feel bad for Warren Beatty! Not his fault. Someone gave him the wrong envelope #sad #Oscars #yikes	-1;-1	Logan, UT; United States	[]
sad	#sad	2016-08-25 01:36:26 +0200	768592835129946112		@The_Sad_Girl101	en	:):	All I see on me is fat fat fat fat. Why won't it go away?? #depression #sad #suicidal	-1;-1	n/a
sad	#sad	2017-03-24 03:07:25 +0100	845094671583887361		@jla52	en	jla52	@realDonaldTrump  Resign!  You really are way over your head.  You are fired Donald.  #Disaster #Sad	-1;-1	n/a	[]
sad		2016-08-26 00:04:41 +0200	768932136153821184		@rociorocks1	en	Rocio Hernandez	Oh my goodness, I miss my boo so much ðŸ˜­ even looking at pictures of us together makes me want to cry #sad #takemeback	-1;-1	n/a
sad		2016-09-12 16:20:43 +0200	775338353361293314		@GriefReiki	en	Grief ReikiÂ® LLC	Sending Reiki so you have a beautiful week. #griefreiki #grief #reiki #beautifulweek https://t.co/BMJfK5x8Q9	-1;-1	n/a	[http://pbs.twimg.com/media/CsKOHvFW8AAKZ5Z.png]
sad	#sadness	2016-05-30 16:17:59 +0200	737286940123385858		@TC_HotSpot	en	Joey_Smacked	Social media is so blinded by a shooting or someone getting injured that they don't put time in to see how the shit happened #sadness
sad		2017-03-17 00:11:26 +0100	842513667786772480		@AnthonyLRiley	en	Anthony L Riley	Confession: Today, I cried.[NEWLINE][NEWLINE]It has taken almost eight years to write my #grief story.â€¦ https://t.co/Bn8Xln0afh	-1;-1	n/a	[]
sad	#sad	2016-04-03 05:37:07 +0200	716469553916608512		@bourgrapattoni	en	mia	PSA: it's mac, not mack. or i mean i guess u could say macK. it really makes mac #sad and wanna crouch.
sad		2016-12-08 20:04:47 +0100	806937586174459904		@ChampFunerals	en	Champ Funerals	More help for children dealing with losing a parent or sibling #Grief https://t.co/cjdNlhMH0d	-1;-1	n/a
sad		2016-04-13 05:17:17 +0200	720088439971033088		@onlinenesss	en	Onlineness	Love never lastsðŸŒ¹â€¢[NEWLINE]#depressed #suicidal #sad #depressededit #crying #help #notokay #suicidal #depressionsucks #cutsâ€¦ https://t.co/81mBc0YPBM	-1;-1	n/a	[http://pbs.twimg.com/media/Cf5EnuqXEAAGmz6.jpg]
sad	#sad lang:en	2016-07-28 06:18:47 +0200	758517031108870148		@cekelathersheys	en	aisyah abdullah	When you think of it, less pay means less motivation. #kisahdramatv #bilaorangcomplaint #sad	-1;-1	n/a
sad	#sad	2017-01-13 00:21:28 +0100	819685757547933696		@CowtownPaul	en	Paul	@ShmimShmutherie @Karma_Cancer @IRS_Agent_Smith @Pineapple_BC @BTLSRadioðŸ‘ˆbrought a very sad disturbing thing to light on his show today #sad	-1;-1	n/a	[]
sad	#sad	2016-08-05 19:49:03 +0200	761620046137483264		@peterwmiddleton	en	macaroons	@SFist yay less services (more San Franciscans) and more money for @sfmta_muni  ðŸ‘ŽðŸ˜ž #broken #sad #awful #management #dooooomed	-1;-1	n/a
sad	#sad lang:en	2016-04-13 06:03:30 +0200	720100073254821888		@pipersebrell	en	pipez	u kno youve gained weight when u cant wear bodycons anymore #sad #why #toomanyicedcoffees
sad		2016-09-27 07:27:07 +0200	780639888190402560		@kidviciousrva	en	Little Miss Sunshine	Also, just a thought, maybe everyone shouldn't send 10+ tweets abt politics. I'm gonna murder someone just to avoid this in prison #misery	-1;-1	n/a
sad	#sad	2017-04-07 09:50:23 +0200	850254410320011265		@kar3n2	en	Karen Maskall	Don't be #SAD. Get #outdoors for tons of #health benefits. It's so very true[NEWLINE]https://t.co/k5RzRDfCqe	-1;-1	n/a	[]
sad	#sad	2017-01-24 01:26:15 +0100	823688327924629504		@maryharvill	en	Mary Harvill	@tfvelloso more baby lawyers on the street with no brains. #sad	-1;-1	n/a	[]
sad		2017-03-21 01:17:49 +0100	843979927103946752		@PhillyRachelD	en	R. Delgado	@jbhiggs1 @tomcoates @realDonaldTrump No;the small-handed bully isn't self-made.He needs his daughter and son in law to advise him. Lol #sad	-1;-1	n/a	[]
sad		2017-03-28 22:08:56 +0200	846816395249811456		@smorbygasman	en	simon morby	Fcuk #RioFerdinand is killing me, tears rolling already so sad, all that money and still couldn't do a thing! #sad #rio	-1;-1	East Midlands, England; United Kingdom	[]
sad		2017-03-10 01:42:25 +0100	839999850569641988		@kgault13	en	kyle gault	That moment when you want to go the race so bad this weekend and it makes you want to cry #sad #NASCAR	-1;-1	n/a	[]
sad		2016-08-12 01:32:07 +0200	763880707265536000		@SDavld	en	T-Rump = RACIST	Every single one & even if they don't..they still don't care I think they're voting for spite at this point #sad https://t.co/J1v8BwGjvC	-1;-1	n/a
sad	#sad	2016-06-11 10:15:28 +0200	741544363004694528		@fluffly8	en	Alison Tattersall	It's embarrassing saying I'm an England fan.... I am outraged at the behaviour of some so called fans! What an embarrassment you are! #sad
sad		2016-12-08 03:04:12 +0100	806680746723262464		@MarkETennant	en	Mark E Tennant	@SIRIUSXM It's not right to entice someone to resubscribe and mislead by not giving them the channels they had. #Sad	-1;-1	Ohio, USA; United States
sad		2017-03-19 19:54:50 +0100	843536257250672640		@IamJustSayn	en	BDubs	#sad #forthewrongreasons  17 confessions from people who didn't marry for love https://t.co/T2FAUjawgY via @HPLifestyle	-1;-1	n/a	[]
sad		2016-09-22 20:32:44 +0200	779025657472831488		@serendipitea	en	Lynne LaRue	So angry and negative! We don't need THAT energy running this beautiful country!! #sad #yuck #SickHillary https://t.co/3Dzxbyg22u	-1;-1	n/a	[]
sad		2016-09-22 02:23:55 +0200	778751647195418624		@EdFig81	en	EdFig81	@LOWTI3RGOD @CapcomFighters @StreetFighter @Capcom_Unity they won't.  No offense but they charge yo change the look of a stage smfh. #sad	-1;-1	n/a
sad		2017-01-31 05:28:32 +0100	826286015459516418		@Hypeluv	en	OlÃ© !	North #Naples 'beach bear' #caught & #euthanized https://t.co/5n1mbtTTgC[NEWLINE]why wasn't the bear taken to a remote location and released? #sad	-1;-1	n/a	[]
sad		2016-12-22 15:20:32 +0100	811939483675398144		@bwilsgirl	en	S Wilson	It is hard to beleive moms can be so hateful, yet I see it everwhere, so much hate inside of many women,  #sad #pray4moms #savethekids	-1;-1	n/a	[]
sad		2017-01-22 01:48:17 +0100	822969096388169728		@Natasworld	en	Nata	I was @nycwomensmarch . Poor trump is unhinged by the numbers. #sad very very #sad @POTUS	-1;-1	n/a	[]
sad		2017-01-16 05:29:03 +0100	820850329424195584		@DeepKwatra0	en	Deep Kwatra	So @ArrowheadPride finishing 5th and not getting to play the steelers may actually have been better..horrible match-up #Chiefs #sad	-1;-1	n/a	[]
sad		2017-02-11 18:43:28 +0100	830472331965378560		@luka_vee	en	Luka Valas	So no appeal to Supreme Court? #weak #sad #loser https://t.co/nnCxbfs80Z	-1;-1	Republic of Slovenia; Republic of Slovenia	[]
sad		2016-08-09 00:08:21 +0200	762772462203498496		@FJHobson	en	AfricanIQ	@Tyronem07172460 @GeneralZoland oh as a side note,these ppl were responding to BLACK leaders,not a single non black person involved.#sad	-1;-1	n/a
sad		2017-04-23 01:11:54 +0200	855922138624163840		@QueenYoungg_	en	el_Chimichanga ðŸŒ¯	Helping a stranger is something you see rarely these days ..or for someone to even offer to help ðŸ˜•#sad	-1;-1	n/a	[]
sad		2016-08-11 05:10:47 +0200	763573349003894785		@drunken_trent	en	Trent Maddox	.@pattonoswalt @SpeakerRyan positioning himself to be #1 favorite wart on Dictator @realDonaldTrump's tiny little penis.  #LoserDonald #sad	-1;-1	n/a
sad		2016-07-29 19:13:21 +0200	759074346300153856		@refugeingrief	en	Megan Devine	I've opened a few dates in August for phone sessions. Want to talk w me about your grief? Click the link... https://t.co/oUb6JI5u8P #grief	-1;-1	n/a	[]
sad		2017-02-17 14:04:52 +0100	832576548725141505		@josiah_jurado	en	Josiah Jurado	The feeling of nothingness is worse than doing nothing at all. #HIS #Loner #Sad	-1;-1	n/a	[]
sad	#sad	2017-02-09 01:49:50 +0100	829492468362182657		@3dollarwm	en	Wm S Boozer	Look, you dim-witted @realDonaldTrump supporters bought his sketchy wall of goods, so now pony up the cash to pay for it. #Pseudopotus #Sad	-1;-1	n/a	[]
surprise		2017-02-10 06:04:00 +0100	829918818667425792		@ReelEnterprises	en	Erina B	I sing at purnwedding as a surpise for my husband..... I never sing! Video now up on YouTube https://t.co/D6LXUtecEd [NEWLINE][NEWLINE]#wedding #surprise	-1;-1	n/a	[]
surprise		2016-10-04 03:12:12 +0200	783112450765979648		@shopgingers	en	Gingers	We have a cute little elf that is ready to deliver her surprise! #surprise #thefunplacetoshop #whoknowswhatwillpopup https://t.co/jhpydFjdn9	-1;-1	n/a	[]
surprise		2016-04-06 10:11:07 +0200	717625671325843456		@We_buyoldwhisky	en	Webuyoldwhisky	5 SURPRISING PLACES TO FIND FANTASTIC WHISKY[NEWLINE]Read more @ https://t.co/OgpFksCQI0 #surprise #trends #webuyoldwhisky https://t.co/MnRJlRj7HU	-1;-1	n/a	[http://pbs.twimg.com/media/CfWEvrOVIAAbCfC.jpg]
surprise	#surprise	2016-12-15 17:35:56 +0100	809436843095846912		@_Hday_	en	Christmas ðŸŽ„	I found a present I wrapped for nick and myself, from myself and I have no clue what it is #surprise	-1;-1	n/a	[]
surprise		2017-02-10 14:35:13 +0100	830047471967539201		@doncap24	en	Donald Mason	@SethOnHoops man I really expected Duke fans to take your advice and or criticism of Grayson in stride. #Surprised	-1;-1	n/a	[]
surprise		2016-03-24 07:20:30 +0100	712886792047865857		@lzriggles	en	Liz Riggleman	So beautiful and uplifting! #surprise[NEWLINE]https://t.co/YeJj5FPW7B	-1;-1	n/a	[]
surprise		2017-03-09 23:09:20 +0100	839961325648433153		@AChainsjewelry	en	Alice&ChainsJewelry	Keepin' it #classy around the #RivertownsðŸ˜‚ A happy #surprise to see my little put #jewelry onâ€¦ https://t.co/S0zjLO41CZ	-1;-1	n/a	[]
surprise		2016-05-08 19:12:37 +0200	729358354758406144		@WeekendlWarrior	en	WeekendWarrior	Thank you for making today so #special! Perfect finish after the event, coming together for a great #surprise! LOVE. https://t.co/qLLtrpXPNb	-1;-1	n/a	[http://pbs.twimg.com/media/Ch8zjBwWkAURAm8.jpg]
surprise	#surprised	2016-09-29 00:01:08 +0200	781252429023174656		@weshartley	en	Wes Hartley	Reserved an @Budget car @bna. #surprised them by showing up when I said. #nocar wait time over 40 minutes so far. avoid @Budget	-1;-1	n/a
surprise		2017-04-18 16:57:47 +0200	854348235779002369		@Homie_gonzalo	en	Beata Evans	#surprise anal creampie drunk girl sex used real https://t.co/SKLQFHeaPG	-1;-1	n/a	[http://pbs.twimg.com/ext_tw_video_thumb/853930486279917570/pu/img/RHLujDiOtOXNE784.jpg]
surprise		2016-10-20 19:23:15 +0200	789155029554913280		@MorganReeseXO	en	Morgan Reese	Yay! Made a Sale on https://t.co/HvKPVnyKSu Thanks Daddy- u ROCK! cant wait to get you your mystery package out! #surprise	-1;-1	n/a	[]
surprise	#surprise	2016-08-30 01:32:13 +0200	770403715089993728		@pbbiggrizzly	en	Paul Barker	@Studio10au @Joe_Hildebrand @SarahHarris crying isn't just a negative it can be a case of tears of joy, #reunite #birth #surprise etc	-1;-1	n/a
surprise	#surprise	2017-01-17 03:21:32 +0100	821180623679352834		@cindy_barrymore	en	Cindy Barrymore	Pleasant #surprise - I didn't know @LuciferonFOX airs today. #watching!!	-1;-1	n/a	[]
surprise		2017-04-27 09:23:12 +0200	857495330576879616		@GLINKOriginals	en	Idris Ahmed	@O2 I am #surprised that your #complaints procedure still hasn't resolved this? Now 2 months in, no #bill, lots ofâ€¦ https://t.co/mD4ynKaBp6	-1;-1	n/a	[]
surprise	#surprise	2017-01-25 22:50:08 +0100	824373817145442310		@packupgo_travel	en	Pack Up + Go	#ValentinesDay is less than 3 weeks away! Book your romantic getaway now at https://t.co/zYXZOpdgdz #packupgo #surprise #travel	-1;-1	n/a	[]
surprise		2016-09-09 15:08:52 +0200	774233108317175808		@ACWade85	en	Adam Christopher	@Starbucks I don't usually get a chance to grab a medium roast before class. I did today. Bravo. #amwriting # #coffee #surprise #warm	-1;-1	n/a
surprise		2016-08-13 12:01:58 +0200	764401603302621184		@Sandid1961	en	Sandi du Toit	I absolutely love ðŸ’– LOVE my gift alicampher [NEWLINE]#heartsong #friendship #surprise #inspirationâ€¦ https://t.co/Jgwa2bmVLO	-1;-1	n/a	[]
surprise	#surprise	2017-01-17 05:16:07 +0100	821209462501298176		@harmangill8	en	harman gill	It's my boyfriend @ameron91 birthday next week, I'm so excited #cute #blessed #surprise	-1;-1	n/a	[]
surprise		2016-04-24 11:00:39 +0200	724161118206345216		@marmalade_talks	en	Marmalade Talks | YT	#HAPPYBIRTHDAYTOME The first vlog to the best day of my entire life!! I got surprised so many times #surprise https://t.co/i8Aa5JyPZz	-1;-1	n/a	[]
surprise		2017-01-26 21:04:48 +0100	824709696363888640		@WorkSurpriseAZ	en	Work Surprise AZ	Phoenix #AZ #USA - Construction Laborers - If youre not afraid of hard work want to learn a new t... https://t.co/vBRtpTLf1s #SURPRISE #JOB	-1;-1	n/a	[]
surprise		2016-12-02 13:42:05 +0100	804666951360385025		@KINGSPARKCAFE	en	Kings Park Cafe	#Feeling #Gloomy? You will be #surprised to find out how a #good #meal can #instantly uplift you #Mood![NEWLINE] For more... https://t.co/pk4IvyVvCN	-1;-1	n/a	[]
surprise		2016-07-07 09:24:27 +0200	750953610033246210		@untameableluck1	en	Untameableluck816	Working on something that will change my channel for the better by so much c: #RT @ShoutRTs @YouTubeGaming #surprise	-1;-1	n/a
surprise		2016-06-12 08:18:02 +0200	741877199997919232		@Georgey_B_88	en	george	I really am a lucky guy. Lots of love and thanks to @manamiszk #japan #birthday #loveyou #surprise https://t.co/DnYqK85ic9	-1;-1	n/a	[]
surprise		2016-12-28 00:39:16 +0100	813892030522859520		@Parlaypro	en	Johnny aka ArchðŸ?¸ðŸ‘ŒðŸ?»	Tried what I thought was a dumb experiment->Pour some #CognacCourvoisier into egg nog[NEWLINE][NEWLINE]#Surprised with the results tbqh ðŸ‘Œ	-1;-1	n/a	[]
surprise		2016-08-03 03:57:26 +0200	760655786489937920		@spgodinez	en	Stephanie Godinez	I can't get enough of @JennysBoudoirs photography!!! So gorgeous!!! #beauty #bombshell #stunning #sexy #sweet #glowing #gifts #surprise	-1;-1	Chicago, IL; United States
surprise		2017-02-17 05:45:15 +0100	832450816648867841		@FULA_HULA	en	FULAHULA	A super easy and beautiful paper gift box. [NEWLINE] @BrightSide#fulahula#gift#handmade#surprise#happy#beautiful#present https://t.co/Qn53EkLRsz	-1;-1	n/a	[http://pbs.twimg.com/ext_tw_video_thumb/832449561348231168/pu/img/bJEH4Cklr4EPbZNc.jpg]
surprise	#surprised	2017-02-18 12:33:54 +0100	832916044687740928		@DungarwalSpd	en	Shubham Dungarwal	#convocation ðŸ?…ðŸŽ“[NEWLINE]Amongst top 10...ðŸ¤—ðŸ˜€[NEWLINE]#surprised ðŸ˜‡[NEWLINE]Graduation isn't the end of toughâ€¦ https://t.co/Jxa5yzfQcu	-1;-1	n/a	[]
surprise		2016-08-29 16:28:36 +0200	770266908075646976		@joan2nd	en	Ordeal By Cheque 2	August 11, 1926[NEWLINE]I got bored and decided to redo our yard. It's a beautiful sight outside and I can't wait for the wife to see itðŸŒ² #surprise	-1;-1	n/a
surprise	#surprise	2016-06-13 17:30:51 +0200	742378707013144577		@jennt3ch	en	Jenn Hornsby	So I guess it's a crime coming into work in a chirpier mood than usual ðŸ™„ #surprise #assholes
surprise		2016-12-01 00:32:45 +0100	804105921714679809		@chandlermcp	en	Chandler McPherson	@tgr0 happy birthday house manager, I left you a little surprise in the bathroom downstairs #Surprise	-1;-1	n/a	[]
surprise	#surprise	2016-06-24 03:21:09 +0200	746151139985465344		@hmann512	en	Nicole Hungelface	I'm not feeling very benevolent today.. #surprise
surprise		2016-08-08 15:31:17 +0200	762642337642061824		@PRASHANTgolu31	en	PRASHANT KUMAR	'You really love him/her, don't you?' It's a psychological question, no name was mentioned but still, someone came into your mind!#surprised	-1;-1	n/a
surprise		2016-04-19 01:00:48 +0200	722198220961517569		@hayymayritaa	en	M_dawwg	I think it's ok to say that if I wasn't before, I am now the best GF ever. Felipe is gonna love me so much for this. #surprise @FJCPlay_11	-1;-1	n/a	[]
surprise	#surprise	2016-06-02 21:01:43 +0200	738445508847493123		@york_gooner	en	Nick	Hoddle exceptionally wonderfully impressed with Alli, walker etc . #ENGvPOR #surprise
surprise		2017-04-15 09:56:21 +0200	853155017171193856		@radioemdikei	en	102.9 FM eMDiKei	#Airplay #Chart03 @Simpleplan - Perfectly Perfect on #DULENAK with Kevin #SURPRISE ;)	-1;-1	n/a	[]
surprise	#surprise	2017-04-21 00:09:57 +0200	855181770333065216		@thebeducator	en	Jerry Cheshire	You wouldn't expect to see #sleeping  and #headphones in the same headline #surprise https://t.co/oGfq08Laid	-1;-1	n/a	[]
surprise		2016-09-04 17:41:48 +0200	772459654982938624		@kalicat2	en	Kali Cat	@GlennMcmillan14 @Kalicat2#surprised hasn't pd someone 2 shoot Trump yet Trump said he'd approve Kinder Morgan pipeline	-1;-1	n/a
surprise		2016-05-25 00:08:27 +0200	735231010623901696		@sssevy	en	Sevy	Big #surprise ðŸ˜?ðŸ˜˜ lovely bunch of fruits & chocolate from my super sweet daughter  @ttt4ny4â€¦ https://t.co/rFvuyfPeJQ	-1;-1	n/a	[]
surprise	#surprised	2016-07-23 00:58:30 +0200	756624489295720448		@ZeeThom	en	Zubin Thomas	Thank you @AirAsiaThailand for helping us bypass such long queue at the immigration. So kind of you!! #surprised	-1;-1	n/a
surprise	#surprise	2016-08-01 16:12:44 +0200	760116056593731584		@mariebuc43	en	Marie George	So today our chief exec with a group of staff surround me at work & I get presented with an employee excellence award. Nice #surprise ðŸ‘?ðŸ?†ðŸ’·ðŸ’·	-1;-1	n/a
surprise		2016-12-13 17:26:40 +0100	808709735738245120		@LittleObsessed1	en	Little Obsessed	A cute twist on #holidaycrackers, we have fun little #surprise gifts, #sparklers and celebrationâ€¦ https://t.co/5UPgUegi7p	-1;-1	n/a	[]
surprise		2016-05-05 18:15:44 +0200	728256875540692992		@KidsIncUK	en	Kids Inc Nurseries	Enfield would like to wish Nataley a very #HappyBirthday   #surprise #29andfeelingfine Amazing birthday card! https://t.co/7nWztAkdDi	-1;-1	n/a	[http://pbs.twimg.com/media/ChtJxQpWsAAE11b.jpg]
surprise		2016-07-01 17:37:07 +0200	748903267179036672		@AVV	en	Anastasia Valentine	This is so awesome. Would you book a #surprise vacation? #travel  https://t.co/0EBWJ3U3pW	-1;-1	n/a	[]
surprise		2016-11-09 01:43:58 +0100	796151307837046785		@alllatestnews4u	en	ALL LATEST NEWS	To everyone's #surprise #donaldtrump is in lead at present with very few votes greater  than #hillaryclinton... https://t.co/UUZyBogNFY	-1;-1	n/a	[]
surprise		2017-03-15 20:54:06 +0100	842101622637527044		@Scott1Whyte	en	Scott Whyte, AAMSÂ®	Great when the #Fed doesn't #surprise!  Fed raises interest rates, remains on track to keep tightening https://t.co/FmiiH1MZod via @WSJ	-1;-1	n/a	[]
surprise		2016-10-13 07:27:14 +0200	786438123672645632		@Shwetskh	en	Shweta Khanna	China Exports Fall Most. #economiccollapse  or #chinastory over? With indigenous prodxn world over, no #surprise  https://t.co/wpvgSsInl9	-1;-1	n/a	[]
surprise	#surprise	2017-03-24 13:35:06 +0100	845252632965009413		@saradhuffman	en	saradhuffman	Starting the day w/ great jams and bestie time @Flywheel DuPont. Not bad! #tgif #surprise	-1;-1	Washington, DC; United States	[]
surprise		2016-05-09 16:40:17 +0200	729682406047768584		@aseepe	en	Andrew Seepe	So I stopped in Danville yesterday to surprise this awesome momma #surprise #mothersday https://t.co/dH2ZNZv44P	-1;-1	n/a	[]
surprise		2016-08-18 16:29:02 +0200	766280750089895937		@shlibrarian	en	Sarah D	Came in to my library this morning and found a mouse. Not half-asleep anymore. #surprise	-1;-1	n/a
surprise	#surprise	2016-06-05 05:51:21 +0200	739303571867488256		@shanavegvary	en	Shana Vegvary	Some things will never change #since8thgrade #calitoaz #summer16 #surprise #bettertogether #bbluâ€¦ https://t.co/GAEOjdp13w
surprise	#surprise	2016-09-22 00:45:34 +0200	778726897102434305		@Robertoeee	en	Roberto Contreras	The #Mariners manage to blow another lead for Felix. #surprise So frustrated with losing.	-1;-1	n/a
surprise		2016-09-24 08:49:26 +0200	779573440508375040		@pyn4pyn	en	Pyn	Randomly quotes, but seem both Thai and English given me almost the same #namequote #surprise #nametest https://t.co/m3cVnErh5v	-1;-1	n/a	[http://pbs.twimg.com/media/CtGZ5AGUkAAC9tP.jpg]
surprise	#surprised	2017-01-04 05:52:00 +0100	816507447187632128		@MechelleDiamond	en	Mechelle Diamond	@RealJamesWoods @KLSouth #Surprised  I'm absolutely not surprised...	-1;-1	n/a	[]
surprise	#surprise lang:en	2016-12-09 21:43:39 +0100	807324853938376705		@Shadexaminer	en	Shad Engkilterra	Frozen Kinder Egg Surprise: The real deal https://t.co/5TzwwQvlRq via @YouTube #disney #frozen #surprise Who likes warm hugs?	-1;-1	n/a	[]
surprise		2016-12-04 20:34:15 +0100	805495452124794884		@Secretsandsauce	en	Secretsandsauces	I will never say no #thankyou to my #mr making me a #surprise #brunch ... perfect lighting todayâ€¦ https://t.co/YmrAvSaqJU	-1;-1	n/a	[]