disgust		2017-03-16 19:47:49 +0100	842447327436640256		@Its_within	en	photon	Innocent ppl  r being Duped n their Culture being DESTROYED! All to 'harvest' few souls for their cause! #Disgust… https://t.co/taPUhzXjAl	-1;-1	n/a	[]
disgust		2017-02-17 04:05:43 +0100	832425768600928257		@jenbonduant	en	Jennifer	When will it end #resist #disgust https://t.co/QanLys3dab	-1;-1	Dublin, OH; United States	[http://pbs.twimg.com/media/C41e0c4W8AArDyf.jpg]
disgust		2017-04-30 20:27:05 +0200	858749566044319745		@VarunPrakash31	en	Varun Prakash	@nistula Why don't you put this pic of yours as DP ???? #Disgust #Ugly https://t.co/aMMxwXzUbY	-1;-1	n/a	[http://pbs.twimg.com/media/C-ritYAWsAAqe_H.jpg]
disgust	#disgust	2017-04-08 23:24:30 +0200	850821680586948612		@chiri_37	en	Eduardo	Downtown Milwaukee infested with Cubs fans... #Disgust	-1;-1	n/a	[]
disgust	#shame	2017-04-06 16:11:33 +0200	849987949412454400		@youtookmyname7	en	Shanna ??	#PartyOverCountry #Disgusting #Shame #EMBARASSMENT https://t.co/hHYBWNnexU	-1;-1	n/a	[]
disgust	#disgust	2017-03-31 22:57:57 +0200	847915896106516483		@mr_dull_socks	en	Mr Dull Socks	Robots in the future will bring homicide right to your doorstep. ??#disgust #selfishness[NEWLINE][NEWLINE]https://t.co/Ja4El6kcLo	-1;-1	n/a	[]
disgust		2017-04-06 23:04:53 +0200	850091967191166978		@LynnLittrelll1	en	Lynn Littrell	Senate GOP triggers nuclear option to break Democratic filibuster on Gorsuch - CNN#Sad#Bad#Disgusting#Ridiculous https://t.co/ebSqnxJfv4	-1;-1	n/a	[]
disgust		2017-03-18 16:13:16 +0100	843118109909307392		@red16327	en	Ronald Davis	#Disgust: For #breakfast this #morning, I am going to use the #tivobolt to #access #Youtube to watch  #Merkel and #Trump on the big screen!	-1;-1	n/a	[]
disgust	#disguise	2017-02-19 19:04:53 +0100	833376824637939712		@JewishEncore	en	Jewish Encore	Great gig today! @EncoreEntUK #JewishSupriseSingingWaiters #Simchas #JewishWeddings #MazalTov #Chef #disguise https://t.co/cNM3r908Gw	-1;-1	n/a	[http://pbs.twimg.com/ext_tw_video_thumb/833376689250004997/pu/img/LgKJTEHm_VFgNZmc.jpg]
disgust	#disgust	2017-02-19 20:28:40 +0100	833397909961981953		@namidehya	en	Nami Dehya	@America_1st_ @frietzsche2000 Makes you wonder what horrors surround her existence. Personally I want her nowhere near my family. #Disgust??	-1;-1	n/a	[]
disgust	#disgust	2017-02-07 19:57:00 +0100	829041286388736000		@rendermesam	en	Sam Renderos	GOP: "Fuck the kids of America." [NEWLINE]#BetsyDeVos #EducationSecretary #disgust	-1;-1	n/a	[]
disgust	#disgust	2017-01-03 16:28:09 +0100	816305151598333952		@bkp0521	en	BP	As if I needed another reason to like The Boss! @springsteen gets it! #disgust https://t.co/RHbV4LHXPo	-1;-1	n/a	[]
disgust		2017-02-03 18:36:31 +0100	827571483622965248		@DvPhilipgarcia	en	DVPhilip	How to Pronounce Overcast ?RT??? https://t.co/yNq1VlbdiA #haziness #nebulosity #mucky #disguise #pother #ill-lighted #enfold	-1;-1	n/a	[]
disgust	#shame	2017-02-27 18:18:02 +0100	836264139358097415		@yelli1972	en	DanielleG	@hondo750 @Slate everyday this administration hurts people & his supporters still in denial #shame #disgusting #disgrace	-1;-1	n/a	[]
disgust	#disguise	2017-02-07 11:38:46 +0100	828915904809349120		@D3773	en	Odette Murdoch	Never forget - every #problem is an #opportunity in #disguise.	-1;-1	n/a	[]
disgust		2017-03-29 15:49:32 +0200	847083302867685377		@unchainedstream	en	Unchainedstream	#Disgust~Really?!?!? #WarOfTheRoses ~ Cuba Gooding Jr. sparks outrage and DISGUST https://t.co/vbiJP0nJtT via @pagesix	-1;-1	n/a	[]
disgust		2017-05-08 00:28:49 +0200	861347114508353536		@wonggal	en	lwsanfran	omg...this woman’s behavior cannot be normalized. i hope she gets outed for what she did.[NEWLINE]#disgusting[NEWLINE]#sad https://t.co/O0ZWGsRv4V	-1;-1	n/a	[]
disgust		2017-03-09 18:22:41 +0100	839889186526199809		@LloydNeel	en	N??L	Just Googled #TunbridgeWells and well, I never knew Dunorlan Park was "Dogging Central" #Dogging #Disgust of… https://t.co/ucJq0EkPeY	-1;-1	n/a	[]
disgust	#angel	2017-03-21 22:24:10 +0100	844298613702385664		@SMulhollandStay	en	S. Mulholland	Sooooo #disgusted #lmao #haha #funnyshit #playing with the #hubs #part #69 #angel #beauty #yuck… https://t.co/aqfy8k2J0K	-1;-1	n/a	[]
disgust		2017-02-28 20:35:05 +0100	836661014972215298		@kahn331	en	#NotMyPresident	And Melania shares a bed with that! Can you say #disgust?! So wonder she stays elsewhere. #FatTuesday #SOTU https://t.co/Xkyzq5Bb7A	-1;-1	n/a	[http://pbs.twimg.com/media/C5xqwXbWgAE1WE9.jpg]
disgust		2017-03-11 23:03:19 +0100	840684587877580800		@XxCuppy_CakexX	en	Denise Edwards	#disgust sex flat chested girls pics https://t.co/HFRdreo6mn	-1;-1	n/a	[]
disgust		2017-04-26 08:06:53 +0200	857113735655247873		@DvAlbertodrew	en	DVAlbertoDrew	How to Pronounce Kiddyphilia ?RT??? https://t.co/iU5CIBHFXd #taxi #athletics #rile #disgust #scalpel #enrage #tootsie #poor	-1;-1	n/a	[]
disgust		2017-02-11 09:45:51 +0100	830337037257420801		@thekhayalan15	en	Anna Khayalan	Plus, if you don't work out, tight clothes will only show off your excess layers & body fat while loose clothes can hide them!!! #disguise	-1;-1	n/a	[]
disgust		2017-03-17 18:19:52 +0100	842787584115904513		@FunnyWyatt	en	Elizabeth Thompson	#disgust sex anime mom sex https://t.co/GfVWJFCyEF	-1;-1	n/a	[]
disgust	#omg	2017-04-11 01:56:24 +0200	851584682437337090		@veganagainz	en	my??hurts	#omg the man they dragged off was coming back from helping refugees in Greece #trumpair #boycottunited #disgusting @united	-1;-1	n/a	[]
disgust	#disgust	2017-01-02 22:40:14 +0100	816036403351941123		@booboo5967	en	boo boo	If You Don't Like Me, #FuckOff! [NEWLINE]I Don't  Like You #Either! [NEWLINE]YOU #PROBABLY #DISGUST #ME! [NEWLINE]#LEAVE ME THE #HELL #ALONE!!!!!!!	-1;-1	n/a	[]
disgust	#ekel	2017-01-05 18:45:36 +0100	817064521147752449		@Teddy1000Tod	en	Teddy Tausend†od	@metronaut @seawatchcrew Ich finde, das was Kahl da von sich gibt ist politisch und menschlich skandalös! #ekel	-1;-1	n/a	[]
disgust		2017-03-06 10:26:08 +0100	838682095388098560		@DvAutumnbrandon	en	DVAutumnBrandon	How to Pronounce Pall Mall ?RT??? https://t.co/TCAD4qV2tJ #disgust #generalstore #boardwalk #marketplace #saturate #fast #tra	-1;-1	n/a	[]
disgust	#disgust	2017-02-23 04:23:37 +0100	834604597926830081		@jackiemfontaine	en	JFo	You think that's Un Fn Believable, Canada #FirstNations without drinking water for 10 years! #NOLIVESMATTER #disgust https://t.co/93tSX5zfzX	-1;-1	n/a	[]
disgust	#shame	2017-03-01 15:24:41 +0100	836945290376720387		@JasonHBG	en	JasonHBG	#democrats wore white last night to show solidarity in their hate for #America.  #CNN #MSNBC #CBSNews #nytimes #disgusting #shame	-1;-1	n/a	[]
disgust		2017-03-07 11:08:59 +0100	839055268742823936		@MakaylaDecastro	en	wut	#disgust sex julie davis nude https://t.co/jcmY1CPXGG	-1;-1	n/a	[]
disgust		2017-02-03 04:38:19 +0100	827360543933468672		@Meghnarao3	en	Meghna rao	This is insane #uber #ubersurge #disgust[NEWLINE][NEWLINE]Some kind of a joke with the janata? Don't forget! It's mostly the middle… https://t.co/8V93YiqYGq	-1;-1	n/a	[]
disgust	#disgust	2017-02-28 15:13:28 +0100	836580079522168833		@MsMakeItSo	en	Ms MakeItSo	I just can't even. #Disgust https://t.co/Ies0ffqkbu	-1;-1	n/a	[]
disgust	#disgust	2017-03-24 20:20:04 +0100	845354546788519936		@Dolly_Carlota	en	Dolly C Dominguez	Sending ur naked pict through text/email is dangerous. They can use it against u. I have seen few from Deaf community. #disgust #exposed!!!!	-1;-1	n/a	[]
disgust	#disgust	2017-02-12 17:20:42 +0100	830813894797033473		@teepeewest	en	teepeewest	#StephenMiller, remember POTUS45's campaign words: ...would be carried out on a stretcher, Megan Kelley bleeding from her whatever #Disgust	-1;-1	n/a	[]
disgust	#disgust	2017-01-03 01:22:50 +0100	816077322776289280		@mongemadeline	en	Madeline Monge	My dog is whining because I won't pick her up. My excuse: I don't want to be lactate on. #Disgust	-1;-1	n/a	[]
disgust	#anger	2017-04-18 12:14:43 +0200	854277003498971136		@starfilme	en	Starfilme.com	Întors pe dos, emo?iile... https://t.co/jlqnlOpmhO #Anger #Disgust #disney #Fear #insideout #Joy #PeteDocter #pixar #riley #Sadness	-1;-1	n/a	[]
disgust	#disgust	2017-04-30 04:21:38 +0200	858506601145278464		@Kenc1007	en	Kenny Chester	@GinsburgJobs @PaulStewartII @kira_lerner One of the darkest devisive speeches I have ever heard just horrible #disgust	-1;-1	n/a	[]
disgust		2017-02-22 04:23:49 +0100	834242263274381313		@HC123455	en	AmericanPatriot????	@realDonaldTrump #ThankyouTrump #MAGA #sickindividual #YourADisease #disgust #sickness #garbage #jerk this person i… https://t.co/9HzYM32tJt	-1;-1	n/a	[]
disgust	#disgust	2017-02-04 18:44:24 +0100	827935851908886528		@Dog_in_a_hat	en	Wayne™	If #HenriDesgrange thought this of #deuraillers what would he think of the current #ebikes ??? #disgust #TDF2017 https://t.co/cf8HjpMAax	-1;-1	Leicester, England; United Kingdom	[http://pbs.twimg.com/media/C31rQS9WcAEpV6Z.jpg]
disgust		2017-04-11 15:23:36 +0200	851787818515017729		@BillysBrain	en	William J. Brady	moral #anger is more (than #disgust) associated with violations to the self and high-cost direct aggression | https://t.co/DoZR3mP7o6	-1;-1	n/a	[]
disgust	#sad	2017-01-11 16:54:33 +0100	819210899542200321		@SmithCkms04	en	Craig Smith	Too late. The children have already been indoctrinated into the cult of murder. #sad #disgusting https://t.co/llxHyHZZ2F	-1;-1	n/a	[]
disgust	#pizza	2017-02-18 22:47:57 +0100	833070573353832448		@Ervin1868	en	Ervin	Tonight I ate my first pineapple pizza. It was disgusting as i expected. #pizza #pineapple #disgusting	-1;-1	n/a	[]
disgust	#disgust	2017-04-04 17:03:31 +0200	849276251315605504		@cxxvvs	en	chass???	@jpt females !!!! that's why i stay with a few. #disgust https://t.co/YFcOwICR9E	-1;-1	n/a	[]
disgust	#disguise	2017-01-08 18:48:30 +0100	818152415006457856		@aalexqeds	en	Julia Green	#insta_sleep #?????? #transvestite #artist #?????????? #disguise #poisonous #everywhere #records #fragile -->… https://t.co/JlKxAHeNBF	-1;-1	n/a	[]
disgust		2017-02-25 00:37:07 +0100	835272374090096641		@TheReallyRandy	en	TheRealRandySandwich	Damn you to #HELL @realDonaldTrump. You #shame  #America & insult all who died to give us #freedom & #FreePress. You are a #disgusting man.	-1;-1	Zurich, Switzerland; Switzerland	[]
disgust	#LOL	2017-03-30 01:31:33 +0200	847229772115488768		@KnowYourVideo	en	KnowYourVideo	A Hippo Projectile Pooping ?RT??????? https://t.co/bFsDTMNbpk #projectile #disgusting #hippo #lol #lmao #hardcore #pooping #	-1;-1	n/a	[]
disgust		2017-03-18 16:59:31 +0100	843129747735482368		@ariana_0902	en	Ariana Salisbury	ANY OTHER DEM CANDIDATE AND TRUMP WOULD'VE LOST. I HATE YOU @HillaryClinton I HATE YOU @DNC #corruption #disgust #elites #BernieShouldveWon	-1;-1	Michigan, USA; United States	[]
anger		2017-05-05 22:51:52 +0200	860597940221616130		@k1ndom	en	andy dominguez	#AAAAAAAAAAAA THEY ARE FORCING SPEECH AND #ANGER #MY RIGHTS #ARE BEING #VIOLATED	-1;-1	n/a	[]
anger		2017-05-04 02:30:13 +0200	859928114838876160		@LisaMerloBooth	en	Lisa Merlo-Booth	If you can’t control your anger, then get help. #Anger , rage and physical abuse is toxic and destroys every relationship it touches.	-1;-1	n/a	[]
anger		2017-01-13 20:51:33 +0100	819995318355918849		@Karlyle_Tomms	en	Karlyle Tomms	"Hate (My Story)" How do we forgive? #love #hate #forgiveness #recovery #mentalhealth #blogpost… https://t.co/IRsvBE8wqa	-1;-1	n/a	[]
anger	#hate	2017-01-10 05:28:40 +0100	818675904670998528		@TheAddyRajput	en	Addy Rajput	i #hate it wHen peOple..[NEWLINE]CoMpaRe me to #oTher..[NEWLINE]#come____on_____yaaraa....[NEWLINE]i have My #oWn_dNa..??	-1;-1	n/a	[]
anger		2017-03-21 00:50:26 +0100	843973035984084992		@ValerieMWilhite	en	Valerie M Wilhite R	New chief of staff for US Visa US Customs & Border Protection formerly head of #Hate Group FAIR https://t.co/2NtHn1os7r	-1;-1	n/a	[]
anger	#anger	2017-01-06 04:10:04 +0100	817206571453321219		@PlusGuidance	en	PlusGuidance	#Anger is damaging, distressing, but sometimes healthy. In #counselling, you can deal with it. https://t.co/Dx1PsIXN31	-1;-1	n/a	[]
anger	#hate	2017-03-01 10:52:40 +0100	836876835887656961		@ViCtoRia_GraZz	en	Victoria Graziano	If you use Instagram stories I #hate you!	-1;-1	n/a	[]
anger	#hatred	2017-02-06 14:34:01 +0100	828597619077242883		@GarretLebois	en	Garret Lebois	Analyze: Why & how did they screw up their country? #Laziness #Islam #Hatred Coming here for free LIBERAL tax money! https://t.co/wkv9itLJRM	-1;-1	n/a	[]
anger	#wut	2017-03-03 22:20:39 +0100	837774746100121605		@joelreagan	en	Joel Reagan	#wut https://t.co/86xM5bzIRp	-1;-1	Arlington, TN; United States	[http://pbs.twimg.com/media/C6Bfl15WgAEw1S3.png]
anger	#hatred	2017-01-05 15:46:47 +0100	817019518476226561		@Khazelc	en	Pretty in Pink	When will this #hatred #stop #Izmir #Turkey ????? ?? https://t.co/BemJD4qKEh	-1;-1	n/a	[]
anger		2017-02-25 05:52:42 +0100	835351792737116164		@BarkingMadGC	en	?? BarkyMalarky ??	It's made me go do the stuff I've needed to get done lately...[NEWLINE]#Anger has been my 'fuel'... https://t.co/y3bE0ydI08	-1;-1	n/a	[]
anger		2017-04-29 16:32:05 +0200	858328036155981824		@AngerCure	en	Anger Cure	Dangers seem smaller, actions seem less risky, ventures seem more likely to succeed, and unfortunate events seem less likely. #Anger	-1;-1	n/a	[]
anger	#hate	2017-04-08 09:37:40 +0200	850613601295491072		@truckerbooman	en	Forgotten Citizen	#NO #WAIT smart pants in #California  [NEWLINE]What is the definition of [NEWLINE](((((( #HATE #CRIME ))))))) ?? [NEWLINE]Sanctuary cities… https://t.co/4IKdKFaa7K	-1;-1	n/a	[]
anger	#hate	2017-03-05 22:31:23 +0100	838502224254881793		@ObviousTruism	en	Common Sense	#Racism #Church #Riot #Hate[NEWLINE]https://t.co/VcqdNVr7Et[NEWLINE]>#Race-baiters #love to produce #hatred;[NEWLINE]since their #power$[NEWLINE]comes from hate, not love.	-1;-1	n/a	[]
anger	#anger	2017-02-05 03:00:37 +0100	828060728720437251		@dr_metzner	en	David Metzner	Dealing with Your Child's Anger Issues https://t.co/VGeQALtkF3 #anger #mentalhealth #psychology #parenting	-1;-1	n/a	[]
anger		2017-04-07 00:47:37 +0200	850117820742545409		@JillCFlanagan	en	Jill Flanagan	#writetip #Haters gonna #hate. #bestrong #beyourself #motivation #inspiration	-1;-1	n/a	[]
anger	#rage	2017-04-02 20:57:52 +0200	848610452225576962		@JennaPenman_xx	en	Jenna Penman	And Toby Craig ruins the game...??#inconsistency #rage @FifeFlyers	-1;-1	n/a	[]
anger		2017-05-07 12:25:16 +0200	861165026379350016		@Abhishe73097484	en	ROCKSTAR DEV  ??	Maths special class #hate ?????? https://t.co/4oOpoGiIBv	-1;-1	n/a	[]
anger	#anger	2017-02-08 17:01:49 +0100	829359588407443456		@sixsimplerules	en	David J. Singer	Venting is not Good for Happiness https://t.co/VtDeetviyf #anger #venting #happiness #BlogPost	-1;-1	n/a	[]
anger	#hate	2017-02-07 01:17:40 +0100	828759598123323392		@SeriouslyKelly	en	Kelly Rene	#bingewatching #PrettyLittleLiars for 3 days to catch up. I #hate this b.s. with #Spencer & #Caleb Just not cool. I need #HannahandCaleb!	-1;-1	n/a	[]
anger	#hate	2017-04-30 22:15:10 +0200	858776764604133379		@mohdmustafa99	en	mohammad mustafa	• I will #hate you if you tell me again that some people #love you if you hate them.	-1;-1	n/a	[]
anger	#hate	2017-04-10 14:21:00 +0200	851409678332567552		@soc_susanna	en	Susanna Soc	#learning #WithoutYou #Hate #mylife	-1;-1	n/a	[]
anger	#wut	2017-03-05 02:53:24 +0100	838205775835197440		@SoDakSportsNet	en	SoDak SportsNet	#Wut? Western Illinois hits a tying '3' then sees a half court shot at the buzzer RIM OUT to send this game to OT.	-1;-1	n/a	[]
anger		2017-05-07 10:03:13 +0200	861129278007672832		@pavankajhonka	en	Pavan	#Kindness is choosing #Love over #Hate, #Light over #Darkness #Compassion over #Judgement I met… https://t.co/QaabWehqh2	19.07042521;72.8225616	Mumbai, India; India	[]
anger		2017-03-14 13:30:22 +0100	841627563554410496		@KnowYourSmiley	en	KnowYourSmiley	?????????? Man Gesturing Not Ok, Type-1-2  ?RT??????? https://t.co/y9qMkiwNfK #permission #hate #approbation #denial #	-1;-1	n/a	[]
anger		2017-02-15 14:42:53 +0100	831861338800521217		@the_memebot	en	memebot	hate #TheMemebot #hate #Funny #Meme https://t.co/o9dJY5G4sz https://t.co/Fd3jQysiKQ	-1;-1	n/a	[http://pbs.twimg.com/media/C4tdemoWMAEf27-.jpg]
anger	#rage	2017-03-05 15:42:25 +0100	838399304733634561		@FashionFunPJ	en	Peter Johnathan	@funder When Will This End? The #rage #STUPIDITY #TrumpLies #trumprussia How long can we let this continue? Till we are completely destroyed	-1;-1	n/a	[]
anger		2017-01-01 21:58:21 +0100	815663474281877504		@Carolyn_Bayliss	en	Carolyn Bayliss	@DrMikeEducation Birmingham Our Streets #love #hate #consumerism #multiculturalism https://t.co/nMZ8uVmpc2 https://t.co/BhIibVC7Iy	-1;-1	n/a	[http://pbs.twimg.com/media/C1HRlTJWEAA8sOk.jpg]
anger		2017-03-06 13:35:24 +0100	838729725778485248		@howtogetskinny_	en	Weight Loss Tips	Teach your #kids how to control their #anger -fun #AngerManagement activities. https://t.co/xwHG5ykjii https://t.co/kxqdcOr8Nv	-1;-1	n/a	[http://pbs.twimg.com/media/BzX83OfCQAAKMU3.jpg]
anger	#hate	2017-02-09 06:33:49 +0100	829563936521400320		@RK1960	en	R.K.	@MoBettaMo:this is the time that will definitely try our souls Sis;stay vigilant, watchful &prayerful;speak out at all times #hate #racism	-1;-1	n/a	[]
anger	#cold	2017-04-23 17:53:13 +0200	856174127786278912		@Seth_fishboy	en	seth_fishboy	Took the win lastnight, #stoked #cold #hassstag https://t.co/abQw8EoAZq	-1;-1	n/a	[http://pbs.twimg.com/media/C-G90BsU0AEQxpG.jpg]
anger		2017-05-08 02:09:55 +0200	861372556313411588		@IlanaTovaTess	en	Successor	Question: Should #HateSpeech be protected under the #FirstAmendment? #CNN #America #CryptoNazism #FreeSpeech #GOP #Hate #FearOfTheUnknown	-1;-1	n/a	[]
anger		2017-03-23 10:09:59 +0100	844838626366173184		@WIONews	en	WION	#Killer put a sword into #black man collecting bottles on the street. He had #hatred toward black men for 10 years… https://t.co/TE7Gr2x3K7	-1;-1	n/a	[]
anger	#hate	2017-01-05 05:43:08 +0100	816867605495496704		@MinLeeRice	en	Minister Lee Rice	#Hate is a #Dangerous Thing towards Another & Not #Pleasing in #God's #Eyesight. [NEWLINE]#MinisterLeeRice	-1;-1	n/a	[]
anger	#hate	2017-04-30 08:58:01 +0200	858576153858236416		@RubyRedaReal	en	RubyRed	#envy #jealousy #hate #weak #hoeísh #funny #PersonalProblem * ????? https://t.co/fDcuAxuVMK	-1;-1	n/a	[]
anger		2017-01-04 03:13:47 +0100	816467634329972736		@Rach197331	en	Rachel Kirkham	WE DO NOT SUPPORT #HATE #CRIME #SEPARATISTMOVEMENTS! LET'S BUILD #PEACEFULPAPUA TOGETHER! #WestPapua #indONEsia https://t.co/VVxWs0wWov	-1;-1	n/a	[http://pbs.twimg.com/media/C1Ss_FDXEAAtepU.jpg]
anger	#hate	2017-02-14 17:41:16 +0100	831543843203977216		@RyanSullivanMI	en	Ryan Sullivan	#constituents are so annoying when you haven't gotten them to #vote on #hate, aren't they .@GOP? #ACA #healthcare https://t.co/rtGcRky7jQ	-1;-1	n/a	[]
anger		2017-01-09 17:21:25 +0100	818492884714475520		@Phakama_UK	en	Project Phakama UK	Join #Phakama's Young Creatives for #RiseUp 17 we'll explore #anger, what makes us tick and how it can be positive! https://t.co/14CThQoUjo	-1;-1	n/a	[]
anger		2017-02-01 20:08:09 +0100	826869768388907014		@gbussery	en	gbussery	Most #Ethiopia/n elites disparage contributions of #Oromo/s 4 z last 100 yrs in z country damning #hate #UN #OromoProtests #OromoRevolution	-1;-1	Morgan Hill, CA; United States	[]
anger		2017-02-08 21:32:31 +0100	829427714830516225		@Aniejah_H	en	Aniejah Humphrey	Happy birthday Malcolm! Thanks for pushing me into the lockers everyday !! #kinda#hate#you @topschultz	-1;-1	n/a	[]
anger	#anger	2017-02-21 18:08:25 +0100	834087390108987394		@darlingrimes	en	furtado	@darlingrimes #anger	-1;-1	n/a	[]
anger		2017-04-29 23:36:28 +0200	858434835299401729		@DVallisonnathan	en	DVallisonnathan	How to Pronounce Love Your Curves ?RT??? https://t.co/3lbBacA28H #confederate #hate #dork #habituate #comply #relate #putin	-1;-1	n/a	[]
anger		2017-03-26 00:46:24 +0100	845783960961585152		@writesoundmusic	en	WriteSound	??Out Now??[NEWLINE]https://t.co/hPbEzg41rD #Miami #miamimusicweek #rap #hiphop #rapper #hiphopsrevival #album #music #heartbreak #life #hate #sogone	-1;-1	n/a	[]
anger		2017-05-06 00:01:53 +0200	860615559184044033		@KnowYourVideo	en	KnowYourVideo	Modern Feminist In A Nutshell ?RT??????? https://t.co/W82A0n63cs #gate #sexism #radical #gamer #retard #dipshit #rage #lol #	-1;-1	n/a	[]
anger	#anger	2017-01-07 12:58:15 +0100	817701881212534784		@DaytonaTweeting	en	Daytona Watterson	My #hub on Overcoming #Jealousy #Envy #Anger #Hatred, Would love your feedback. https://t.co/9lzxlgoYVi	-1;-1	n/a	[]
anger		2017-03-19 02:11:37 +0100	843268689776599041		@JamieMcIntosh	en	Jamie McIntosh	#Hatred lights a torch to burn the whole place down.[NEWLINE]#Love ignites a candle to enlighten faces, enliven souls & brighten paths in the night.	-1;-1	n/a	[]
anger		2017-03-04 08:10:07 +0100	837923089426055168		@MyShieldnRefuge	en	Jonathan Lee 	Dynamite! Hal Lindsey: #Hate & #Fake the Opening Skirmishes to Prepare the Way for the #Antichrist (Video) https://t.co/212EIYWiUg #prophecy	-1;-1	n/a	[]
anger	#terrorism	2017-02-28 22:57:05 +0100	836696753826979841		@JustineBateman	en	Justine Bateman	Georgia is not putting up with #hatecrimes or #terrorism. https://t.co/prajb04pfw	-1;-1	n/a	[]
anger		2017-03-09 10:34:08 +0100	839771275627134976		@BookCoverZone	en	Book Cover Zone	Woodsmoke New fiction, horror premade book cover. #Anger #Angry #Bad #premade #bookcover https://t.co/PgucAkvB3i https://t.co/lD8aZsOD2i	-1;-1	n/a	[http://pbs.twimg.com/media/C6d3hiIVMAEQZ8B.jpg]
anger		2017-02-16 10:19:36 +0100	832157472269987840		@Beauty_Brigade	en	Charlene Diaz	#hate this part pussy brooke valentine porn https://t.co/GzXGGykWPD	-1;-1	n/a	[]
anger	#hatred	2017-03-06 10:12:11 +0100	838678584919121923		@20Sheenu	en	$Heenu $h@rm@	Ex-Pak NSA exposes Pakistan terror group's role in 26/11 attack,says it was carried out by Pak.#terrorism #Pakistan #TerrorMonitor #Hatred	-1;-1	n/a	[]
anger		2017-05-06 03:12:07 +0200	860663434937065472		@larryc2882	en	Larry Cramer	@MikeLevinCA @TheBaxterBean #gopAHCAisMurderandTheft[NEWLINE]#trumpbrand = #Treason #Greed #Lies #Hate[NEWLINE]#Resist… https://t.co/ldiH0Vh4wX	-1;-1	n/a	[]
anger	#rage	2017-02-05 06:09:08 +0100	828108172720156673		@RouleReport	en	RouleResponse	#ATTENTION = ENGAGE the #RAGE[NEWLINE]https://t.co/9yLSg4Uh0g[NEWLINE]@BBreggie @SMarshallCFmum @pigott_alison @leta70 @bugwannostra @vincezzzZ @JaneOBrien9	-1;-1	n/a	[]
anger	#my	2017-03-07 21:54:58 +0100	839217836493062148		@GyftedGirl	en	I'm that girl	Just got a call from the IRS, they are #outside #my #door #going to #arrest #me #if I Don't #call #back.......it's been an #hour, #hatecall	-1;-1	Florida, USA; United States	[]
anger		2017-04-10 15:50:21 +0200	851432165367828480		@tvmario	en	Mario Mercier	@XHNews All this #Hate against #Christians.  #Trend.   https://t.co/ns2fF1FdyR	-1;-1	n/a	[]
anger	#hate lang:en	2017-04-17 02:50:04 +0200	853772516363354112		@KWaters10	en	K Waters #MAGA	BERKELEY SUPPORTING #HATE CRIMES ON @POTUS SUPPORTERS @SecretService @FBI $VIOLENT AGITATORS =SEDITION AGAINST PEAC… https://t.co/K9TbzeJh8m	-1;-1	n/a	[]
anger	#wut	2017-02-14 15:34:02 +0100	831511826521133057		@ohhhace	en	Ace M. Ramos	Wife went into a coma, but unwaveringly cared for by her husband. #wut #hamsfil https://t.co/rwLGM8aNqS	-1;-1	n/a	[]
happy		2017-01-10 19:16:10 +0100	818884151042605057		@Josiah_Mommy14	en	Monique Boothe	Scream for Points, Up to $250 #instantwingame #happy #win #winter #love #resolutions #wow https://t.co/m6lKeBjE4Q via @SYWSweeps	-1;-1	n/a	[]
happy		2017-05-04 21:59:41 +0200	860222417074962432		@untwine_me	en	Untwine.me	#Happy when #writers share their reaction with us. ?? #UntwineMe https://t.co/ILG93YNoQN	-1;-1	n/a	[http://pbs.twimg.com/media/C_AfsLfUQAAIOvp.jpg]
happy		2017-02-01 02:26:41 +0100	826602638229774337		@abreecrystal	en	Edeline Adams	#happy sex games play your sex games here ukrayna sexy vomen pee v?deo https://t.co/jOVNiLJS2J	-1;-1	n/a	[]
happy	#JoyTrain	2017-03-03 22:51:09 +0100	837782423857430528		@Maimah	en	Maimah Karmo	Check out my "Pure Bliss" podcast & give me a 5 star rating & write a review! #inspiration #joytrain #success… https://t.co/CoZVK6gAh0	-1;-1	n/a	[]
happy		2017-02-12 17:37:49 +0100	830818199646015488		@Smart_Claps	en	Smart Claps	In the #joy of #others [NEWLINE]Lies #our #own ! #pramukhswami #pramukhswamimaharaj [NEWLINE]#quotes #thoughts #dailymotivation... https://t.co/jlRKl4v9ZV	-1;-1	n/a	[]
happy		2017-03-17 00:47:30 +0100	842522745724272640		@CatholicForLife	en	CatholicForLife TOC	#Forgiveness And Family #Reconciliation https://t.co/e7Jxed5sjb via @CatholicForLife #tbt #Faith #Family #Healing #Love #Mercy #Joy #Hope	-1;-1	n/a	[]
happy		2017-02-17 15:35:44 +0100	832599415319887872		@NowWeAreSix	en	NowWeAreSix	Me and Mr6 are out! Sans enfants! Wonderful friend has all 4 girls+hasn’t yet rung to ask us to come back ??????? Walk+a bite to eat ???????? #happy	-1;-1	n/a	[]
happy	#happiness	2017-02-04 11:37:19 +0100	827828372990365697		@RossanaCondoleo	en	Rossana Condoleo	"FOR SINGLE PARENTS" A guide on #Happiness and #Love https://t.co/kDiimx3f3P #singleparents #singlelife #dating  https://t.co/WGzbLJfNAi	-1;-1	n/a	[http://pbs.twimg.com/media/B3m4NnqIMAAID8j.png]
happy		2017-01-06 02:54:45 +0100	817187617414352896		@ladylytes	en	Diane Jones	I am thankful for pets. #thankful #positive #happy  https://t.co/ljOYTDRy5N https://t.co/zpDZW9fqxg	-1;-1	n/a	[http://pbs.twimg.com/media/C1c7zmHUsAAD6ga.jpg]
happy		2017-02-09 06:55:20 +0100	829569351279845376		@transcendentmed	en	TranscendentMedicine	From Measles To Syphilis, How We Created The Golden Age Of Germs https://t.co/eZFIh9mdxE #health #diet #healthy #wellness #happy #healing	-1;-1	n/a	[]
happy		2017-03-20 12:52:28 +0100	843792353689329664		@CroneriHS	en	Croner-i H&S	Getting happy at work with hygge https://t.co/RISTyAUHwM  #InternationalDayofHappiness #happy #hygge https://t.co/ec4vrlpR4U	-1;-1	n/a	[http://pbs.twimg.com/media/C7XAqfXW4AADA31.jpg]
happy		2017-04-06 02:11:13 +0200	849776472512450560		@MarsyaForex	en	Marsya	Making money was never as easy as now. $850,000 withdrawn already from one account only!!! https://t.co/pstxrBuIJb #Happy #Home #Interest	-1;-1	n/a	[]
happy	#gluecklich	2017-04-04 02:37:35 +0200	849058331490693122		@markusfx_	en	Markus Schweizer	Closed Buy 3.7 Lots EURUSD 1.06693 for +1.2 pips, total for today +3.4 pips #Glücklich #LiveHandeln #Pip	-1;-1	n/a	[]
happy		2017-04-14 21:58:59 +0200	852974483870593024		@SJsPhoneShop	en	SJ's Phone Shop	#Love #Peace and #Happiness custom phone case design! Only available at SJ Custom Art's Phone Case Shop! https://t.co/ppTtsPR5wN	-1;-1	n/a	[http://pbs.twimg.com/media/C9ZfxVeUIAAAEkA.jpg]
happy		2017-04-13 22:50:00 +0200	852624935470190592		@MrsJacq24	en	Jackie ??	Round of applause to @oakley customer service as you've surpassed yourself and proofed a simple gesture goes a long way #thankyou #happy	-1;-1	n/a	[]
happy	#pleasure	2017-02-23 21:03:17 +0100	834856175669743616		@MilaTVAddict	en	Mila Djokic	#girlsnight #bff #cocktails #enjoy #pleasure #smile ????????? @ Pleasure Caffe https://t.co/2hJ0frUymg	43.31778;21.89577	Nish, Republic of Serbia; Republic of Serbia	[]
happy		2017-04-03 11:26:27 +0200	848829035849187328		@jfpartydragon	en	Juicyfruit	Met some awesome people today and we had a great day!  #love #live #life #happy #charity #help… https://t.co/LDR4H9x2jO	-1;-1	n/a	[]
happy		2017-03-16 23:05:44 +0100	842497137153884160		@GeorgePoszich	en	George Poszich	Where is the #joy in your life, do you already have it, are you seeking it, or have you given up and prepared to live life without it ???	-1;-1	n/a	[]
happy		2017-01-04 06:48:59 +0100	816521788523851776		@Easypolicy	en	Easypolicy	How do you become a #happy person?[NEWLINE][NEWLINE]Here are 10 tips to become a #HappyPerson!!![NEWLINE]#lifestyle  #Easy  #HealthTips https://t.co/ybPjK27WGo	-1;-1	n/a	[http://pbs.twimg.com/media/C1TeMm0UcAAuOta.jpg]
happy		2017-04-03 17:44:31 +0200	848924178732527617		@transcendentmed	en	TranscendentMedicine	Repeal in doubt, what Trump alone can do on 'Obamacare' https://t.co/dCp1mjUAe5 #health #diet #healthy #wellness #happy #healing	-1;-1	n/a	[]
happy		2017-02-03 16:41:51 +0100	827542623153946624		@bvbbIebass	en	bubblebassbrielle	being taken off of birth control because it's not doing anything #blessed #lucky #lovelife	-1;-1	n/a	[]
happy		2017-02-07 16:28:08 +0100	828988722871934976		@ToMyCuriousMind	en	Christine Cook	#happy birthday naked man sex mature older https://t.co/waOukc1psp	-1;-1	n/a	[]
happy	#happiness	2017-03-07 18:04:33 +0100	839159848965042176		@realvasundhara	en	Vasundhara	Full Half of Life[NEWLINE]#life #love #happiness  #peaceful #positive #positivethinking https://t.co/TsqrUcQPtR	-1;-1	n/a	[http://pbs.twimg.com/media/C6VLarDVUAAM-VO.jpg]
happy	#me	2017-03-09 22:46:39 +0100	839955615657033728		@coolkirsty1989	en	mc sheepness	#love #instagood #me #smile #follow #cute #photooftheday #tbt #followme #girl #beautiful #happy… https://t.co/JGtvrMdETS	-1;-1	n/a	[]
happy		2017-02-28 20:06:45 +0100	836653885670445057		@kldancer7	en	kerri haynes	Work it ??????????#workout #goals #smile #blessed #happy #beachbody #yes #beautyandbeasts #booty… https://t.co/dBDAhHMuYQ	-1;-1	n/a	[]
happy		2017-03-30 18:55:30 +0200	847492494044618752		@MrThriller10	en	Mr Thriller	Stop listening to #radio and watch Havenhurst (2017) here: https://t.co/anKEMY8Wdu #Happy watching! https://t.co/pWku0BM9un	-1;-1	n/a	[http://pbs.twimg.com/media/C8Ll7mEWkAEsDhY.jpg]
happy		2017-03-25 15:00:01 +0100	845636392998744064		@KariJoys	en	Kari Joys MS	Cradle your fear with loving #Kindness![NEWLINE][NEWLINE]#JoyTrain #Joy #Healing #Compassion #BeKind #SaturdayMorning[NEWLINE]https://t.co/elT3DAEn5L [NEWLINE]RT@Mollycules	-1;-1	n/a	[http://pbs.twimg.com/media/BgSiMtzCEAAES_W.jpg]
happy	#pleasure	2017-03-27 03:32:03 +0200	846172936570470400		@raining_zen	en	Its Raining Zen	Have you heard of #Oshun -  She is the #Orisha of #passion #fertility #luxury #pleasure #beauty… https://t.co/3W85aaYzaa	-1;-1	n/a	[]
happy		2017-04-22 17:18:54 +0200	855803103584669696		@AchieveWithAsh	en	Ashley M. Greulich	That #messyhair #nomakeup fighting #allergies from this crazy #florida #weather but still #happy… https://t.co/CtpJLmFR95	-1;-1	n/a	[]
happy		2017-04-29 00:10:44 +0200	858081070260133890		@MdShellbobby	en	.Michelle  drake	When I'm better looking as a dog #happy	-1;-1	n/a	[]
happy		2017-03-19 04:25:36 +0100	843302409409626113		@MazzyBella	en	Bella	This is one reason why I ?????him. ?? [NEWLINE][NEWLINE]#Laughter #Happiness https://t.co/ae7VGuw8Vh	-1;-1	n/a	[]
happy		2017-04-16 09:19:40 +0200	853508171821985792		@MrThriller10	en	Mr Thriller	Stop listening to #radio and watch Havenhurst (2017) here: https://t.co/anKEMY8Wdu #Happy watching! https://t.co/IwcDyRCFf0	-1;-1	n/a	[http://pbs.twimg.com/media/C9hFKGWXYAACIlR.jpg]
happy		2017-02-27 22:29:07 +0100	836327327604822016		@YouEnjoy6	en	You Enjoy	Stop listening to #radio and watch Maleficent (2014) here: https://t.co/H1FCfqoMOf #Happy watching! https://t.co/alwUZlDUdg	-1;-1	n/a	[http://pbs.twimg.com/media/C5s7RZhXQAcUSYi.jpg]
happy	#happiness lang:en	2017-04-20 20:21:41 +0200	855124328207265792		@aislingameenan	en	Aisling Meenan	What makes you happy? Love, money, riches or health #wealth #riches #money #love #happiness #success #health	-1;-1	n/a	[]
happy		2017-04-15 16:43:41 +0200	853257525151514624		@hanathefirst	en	Hana El-Amin	#roadtrip my 1st rule #safetyfirst  ...apparently ??[NEWLINE]????[NEWLINE]#happy Saturday Luvs ?? https://t.co/rjJ81ubVfF	-1;-1	n/a	[]
happy	#lucky	2017-03-08 20:26:15 +0100	839557896077774848		@allen14_sandra	en	Sandra Allen	#lezdom #fucks #beach #liveporn #femdom #lucky [NEWLINE][NEWLINE]--->> https://t.co/Xdk7T7oqjl https://t.co/4VQoweCd6z	-1;-1	n/a	[http://pbs.twimg.com/media/C6a1czKXEAk_dKu.jpg]
happy	#joy	2017-01-07 20:34:42 +0100	817816752960786432		@anticancerclub	en	Anti-Cancer Club	'I felt I needed somewhere to go for closure.' by Liam Ryan https://t.co/pgOsS9BBwu #Cancer #Grief #Joy	-1;-1	n/a	[]
happy	#happy lang:en	2017-02-18 17:01:56 +0100	832983496675229696		@Balleeall	en	Balleeall	Most people go out and buy their matching games. I make mine. #playroadacademy #feelings #happy #sad #angry… https://t.co/8ZLCfWzOFt	-1;-1	n/a	[]
fear		2017-03-11 16:55:19 +0100	840591977708167168		@Rowleeyy	en	Elsie Turner	#fear factor naked in public natalie avelon nude https://t.co/FyQv6gFoRW	-1;-1	n/a	[]
fear	#panic	2017-04-24 04:41:07 +0200	856337174995890176		@Jrob2155	en	Justin Robinson	After one show I'm a fan, after two I'm hooked! #Panic	-1;-1	n/a	[]
fear	#afraid	2017-03-01 03:10:25 +0100	836760505628815360		@GFDougie	en	J. D. Black-Langford	#Jointsession When will #USA be #afraid of @POTUS @realDonaldTrump regarding #GBLTQ #Immigration #VoterSuppression #Discrimination #AntiJew?	-1;-1	n/a	[]
fear		2017-03-17 05:07:24 +0100	842588152376119296		@webbxhannah	en	Hannah	@furschlong As the leader of the #goodvibesonly party I only associate w those that share my #gvo views & ur #emo #angst is not #gvoapproved	-1;-1	n/a	[]
fear	#fear	2017-04-19 18:06:44 +0200	854727976952500224		@loriakinseven	en	loriakin7protection	#Fear is a mirror, not a mechanism of control. It shows how our past affects present thought; a mental tool forâ€¦ https://t.co/gTXgaWjoL6	-1;-1	n/a	[]
fear	#fear	2017-03-06 23:08:48 +0100	838874026277756930		@heaton_stella	en	Stella Heaton	"No fear is stronger than you are." - Mark David Gerson #fear #quote #spirituality https://t.co/IirvDqWxiD	-1;-1	n/a	[http://pbs.twimg.com/media/C6RGHwbXQAI2AKG.jpg]
fear		2017-02-03 02:08:38 +0100	827322872020475904		@DVevelyn2	en	DV Evelyn	How to Pronounce Flinching â†ºRTï¿½?ï¿½ https://t.co/SS5bbo8ZFc #stay #startle #droop #falter #beinawe #worry #flee #blench #breako	-1;-1	n/a	[]
fear		2017-02-01 18:05:44 +0100	826838960513093634		@WorryHangers	en	Worry Hangers	'Inside The Box' Exhibit Shows Life In Solitary Confinement - WSHU https://t.co/UfiPvWzNxx #worry #mindfulness	-1;-1	n/a	[]
fear		2017-05-01 00:22:14 +0200	858808740522360832		@USANewsEye	en	United States News	#Delaware #Resort #Towns #Fear #Trump offshore drilling: https://t.co/aU1CDNDOMw, https://t.co/73u7FGxZot https://t.co/rtrM29Ulva	-1;-1	n/a	[http://pbs.twimg.com/media/C-sZ_15XoAAnWG6.jpg]
fear	#fear	2017-04-26 16:09:59 +0200	857235312355020800		@chon_ran	en	Chondra Rankin	#fear #sorrynotsorry #letter #nofear #designyourlife https://t.co/Gd83bsPMgg	-1;-1	n/a	[http://pbs.twimg.com/media/C-WC-MvWsAEywGl.jpg]
fear	#fear	2017-02-15 01:18:49 +0100	831658990530621441		@weirdworld357	en	info357	How to let go when having a #fear of falling in #love https://t.co/DRBb0DSViv	-1;-1	n/a	[]
fear		2017-03-04 09:05:56 +0100	837937137521668097		@juanvtts	en	Juan V.	Where To Take You (feat. Dray Solis) by Juan V. #np on #SoundCloud[NEWLINE]https://t.co/4lcrwdyFlC #tts #msm #salutemagazine #danieloffner #fear	-1;-1	n/a	[]
fear		2017-02-24 20:00:54 +0100	835202862963691522		@webspelunker	en	webspelunker	Are your ever #afraid in #SecondLife ? Think about it! #blogpost for thoughts!Â https://t.co/Br83Vr7Z66Â https://t.co/7I3oO8vSFaÂ o	-1;-1	n/a	[]
fear	#fear	2017-03-22 04:48:21 +0100	844395298055184385		@samulousremus	en	zAiDiBoY	@HarvardBiz MUST (they?) do you RULE your child through #FEAR (or #LoVe) #business #LeAdErShiP	-1;-1	n/a	[]
fear	#fear	2017-01-03 19:23:49 +0100	816349361873424385		@LaurenARoberts8	en	Lauren Roberts	"#Fear dissolves in close proximity. Our #stereotypes and vain imaginations fall away when we labor side by side."  https://t.co/H7RKCileGT	-1;-1	n/a	[]
fear	#afraid	2017-01-12 20:05:17 +0100	819621287844859910		@webspelunker	en	webspelunker	Are your ever #afraid in #SecondLife ? Think about it! #blogpost for thoughts!Â https://t.co/Br83Vr7Z66Â https://t.co/7I3oO8vSFaÂ o	-1;-1	n/a	[]
fear		2017-01-06 02:47:12 +0100	817185716446892032		@feedingjoy	en	Joy is a Lifestyle	@loli69x #Mission4Joy - Mission #70 - #Fear[NEWLINE]#RT Done[NEWLINE]#FAV Saved[NEWLINE]https://t.co/JiC0UqGuvX	-1;-1	n/a	[]
fear	#panic	2017-01-07 01:00:04 +0100	817521146841235457		@DavidJonesRC	en	David Jones	I was with the "chill & relax" crowd with this winter weather, but just found out that Krispy Kreme is already closed for the night! #panic	-1;-1	n/a	[]
fear		2017-04-15 04:08:26 +0200	853067461629014016		@SoulfullySue	en	Sue Ellam	Health Issues and What They Can Tell You by Ann Peckham #soulecting #emotionalhealing #fear @sparklingenergy https://t.co/bjSmkItmhW	-1;-1	n/a	[]
fear		2017-03-31 00:32:24 +0200	847577277189771265		@Mark_Isomer	en	Blackbeard	Do I smell #PANIC in #EU land ?	-1;-1	n/a	[]
fear		2017-03-03 17:07:09 +0100	837695852269428736		@TooglesEN	en	Toogles AI English	Be Informed about #International + #Federal + #Care + #Worry + #Morgan just here https://t.co/XUqfUJRNJo	-1;-1	n/a	[]
fear	#fear	2017-04-03 08:00:20 +0200	848777167542661120		@EastmanHouse	en	EastmanHouse	#Fear doesn't... #Quote #Amazing #Inspiration #Life #Family & #Success https://t.co/GNjMzGRWes	-1;-1	n/a	[http://pbs.twimg.com/media/CVWFZ8SUEAArfx-.jpg]
fear		2017-03-15 01:14:03 +0100	841804650315579392		@Ramsukhdasji	en	Swami Ramsukhdasji	#Ram When a man gives up #worry about his own #body , by and by the #world starts worrying about his body.[NEWLINE][NEWLINE]@GovindKe_Dayalu @radhababa	-1;-1	n/a	[]
fear		2017-05-02 13:55:29 +0200	859375791330734081		@juanvtts	en	Juan V.	Listen to Where To Take You (feat. Dray Solis) by Juan V. #np on #SoundCloud #wheretotakeya #juanv #fear #unsigned  https://t.co/4lcrwdyFlC	-1;-1	n/a	[]
fear		2017-03-16 17:48:07 +0100	842417205862096896		@StilleSpricht	en	Stille Spricht	PlÃ¶tzlich ist keine #Angst mehr da, nur noch #Frieden und das #Wissen, dass Â»alles gut istÂ« und der #Tod nur eine #Form auflÃ¶st.	-1;-1	n/a	[]
fear	#fear	2017-03-24 16:33:41 +0100	845297574399676417		@juanvtts	en	Juan V.	#juanv #easeup #fear #newartist #producerslife #music #mixing #producers #mixengineers #flstudioâ€¦ https://t.co/h6lVN0Hy1U	-1;-1	n/a	[]
fear		2017-03-12 06:14:35 +0100	840793121399160833		@solomon99999000	en	Vlad Rothstein	#Panic is the secret word for #buying opportunity in the stock market https://t.co/n0Z9Q2PEjN	-1;-1	n/a	[]
fear		2017-03-12 21:02:14 +0100	841016502862127104		@AmericasToday	en	Americas News	#Hospitals #Fear #Obamacare repeal may create #Financial: https://t.co/DdTW68UTKB, https://t.co/2BcyXL81n9 https://t.co/UQk81JE6BK	-1;-1	n/a	[http://pbs.twimg.com/media/C6vkDUdWYAAqVV6.jpg]
fear		2017-01-17 03:36:10 +0100	821184308845146114		@JDUsera	en	Josh Usera	Welcome To The #USera @facingdownfears #PictureUsBowing! #TheUsEra >)[NEWLINE][NEWLINE]#Fear=[NEWLINE]#False [NEWLINE]#Evidence[NEWLINE]#Appearing[NEWLINE]#Real[NEWLINE][NEWLINE]#TheStruggleIsRealNotFear!	-1;-1	n/a	[]
fear		2017-02-24 20:58:13 +0100	835217286302597121		@BungieKat	en	Kathy O'Neal	@BetteMidler When Jimmy Carter was Prez, the Libs scared the crap out of me that we were headed for an Ice Age. I WAS a Democrat then. #fear	-1;-1	n/a	[]
fear	#fear	2017-02-27 15:24:37 +0100	836220497008472065		@Canvasdesignuk	en	Canvasdesign	#fear https://t.co/rwXnaSoGIz https://t.co/2Qgn50tQBZ	-1;-1	n/a	[http://pbs.twimg.com/media/C5raHDvWMAAqwAB.jpg]
fear		2017-02-17 23:30:34 +0100	832718911590199297		@KariJoys	en	Kari Joys	Most of the stuff people #worry about never happens!" https://t.co/b18NwLgmTe  #JoYTrain	-1;-1	n/a	[http://pbs.twimg.com/media/BziskzuIUAAaN_9.jpg]
fear		2017-03-07 02:47:33 +0100	838929077344043008		@TheKimSutton	en	Kim Sutton	Your #smallbiz shouldn't be causing #depression, #anxiety or #fear. If it is, it's time for us to talk:â€¦ https://t.co/44ayrs5jY3	-1;-1	n/a	[]
fear		2017-02-27 23:31:13 +0100	836342953606066176		@BestVinesAva	en	BestVineVideos	Trending Vines for #POTATO on Twitter Compilation â†ºRTï¿½?ï¿½: https://t.co/70Ecxozw8b #JIMIN #SUGA #JIMIN #ANGST #JHOPE	-1;-1	n/a	[]
fear	#fear	2017-03-02 14:30:47 +0100	837294114760765441		@VKtheVA	en	Victoria Klein (VK)	Your #fear is boring. What you do to #overcome your fear is your greatest gift to the world.â€¦ https://t.co/gn2xOzdnQ3	-1;-1	n/a	[]
sad	#bitter	2017-02-01 08:27:24 +0100	826693416335470592		@FrOgLEt_PriNcE	en	?????? (Jarish Lorico)	@_stelcebx edi ikaw na ?? #bitter	-1;-1	Kwun Tong District, Hong Kong; Hong Kong	[]
sad	#sad	2017-02-26 22:04:30 +0100	835958742306930689		@tweetfromSharii	en	Sharik Sheikh	Cricket is a Gentleman’s game, they say. For all his talent and gift, a man forgot to be a gentleman today.@virendersehwag #sad	-1;-1	n/a	[]
sad		2017-04-14 16:03:46 +0200	852885092234137600		@SophiaGremmel	en	Sophia	@SonofRascus that cause he has the mental capacity of a kid. The army represent 'toys', things 2 play with & compare with others 2 envy #sad	-1;-1	n/a	[]
sad	#sad	2017-03-24 02:16:53 +0100	845081956551413761		@anguye7	en	annie??	missed greys anatomy tonight #sad #upset #outraged #tearz	-1;-1	n/a	[]
sad		2017-03-03 20:23:26 +0100	837745247518081025		@RicRussoQ105	en	RicRussoQ105	Another one bites the dust @TBOcom - Tampa Tribune building is coming down. #Sad https://t.co/X4QzyQTFCu	-1;-1	n/a	[http://pbs.twimg.com/media/C6BE3L3XEAEa5L4.jpg]
sad		2017-03-03 20:18:35 +0100	837744029928402945		@55_blingbling	en	Ronny jones	Hey Colby both of you#winners have 0 cups ??????@ryanwhitney6 if you won one those #weakass ankles would #buckle ???? #washedup #bitter #Oilers	-1;-1	n/a	[]
sad		2017-02-14 22:08:20 +0100	831611052915904512		@petttyomo	en	sarah	Wait come back I'm #sad https://t.co/cp4e3k7mym	-1;-1	n/a	[http://pbs.twimg.com/media/C4p5116W8AAsDpp.jpg]
sad	#grief	2017-02-07 21:00:43 +0100	829057320613195779		@StBarnabasLinc	en	St Barnabas Hospice	Thanks to the @BBC and @rioferdy5 for speaking out about the complexities of grief #Men #grief #widower https://t.co/fNvgBocxGX	-1;-1	n/a	[]
sad		2017-04-05 01:30:18 +0200	849403787689242628		@BonaldKFrump	en	Bonald K. Frump	@IvankaTrump pops just trashed equal pay protections for women. Complacency is just as bad. Can you ask him to resign? Please? #SAD #RESIST	-1;-1	n/a	[]
sad		2017-03-30 01:43:44 +0200	847232841859571715		@tldhollywood	en	tldhollywood	That's #sad https://t.co/0mct2ilB0P	-1;-1	n/a	[]
sad	#sad	2017-04-24 15:57:44 +0200	856507454242209793		@izaynipple	en	m // follow me tris	@Trololorenz @TheVampsCon baka naman con coconyatan ka namin pag dimo kami finollow :---------( #sad	-1;-1	n/a	[]
sad		2017-03-30 00:19:07 +0200	847211543708229634		@TommyTirader	en	Tommy Tirader	@JodieEmery @CannabisCulture Your continual #PokeTheBear/#MockOutrage attitude has finally come "home to roost". Form a legal LP? No. #Sad	-1;-1	Ottawa, Ontario; Canada	[]
sad		2017-05-06 09:05:58 +0200	860752483660038144		@DrEyehacker	en	Rachael Snow	Last night hearing snoring through the floorboards/walls ?? #sad	-1;-1	n/a	[]
sad		2017-04-29 05:56:33 +0200	858168098150432768		@nikkii32	en	Nikki	Gosh I adore her!!!   #madehercomeoutoftherain #shelookedhomeless #sad https://t.co/HNVHihS3U3	-1;-1	n/a	[]
sad		2017-03-17 20:04:56 +0100	842814022592352256		@PeggyTreadway	en	Peggy Treadway	Flower from a student as a going away gift. I am going to miss some of the clients. #sad #happy https://t.co/9Rs8XUCeDz	-1;-1	n/a	[http://pbs.twimg.com/media/C7JG4TJU8AEtNJQ.jpg]
sad	#sad	2017-03-24 15:17:52 +0100	845278496075112448		@CindiAlvidrez	en	Cindi Alvidrez	@realDonaldTrump Just go over there and make one of your deals! Not hard - so easy! Come on! #SAD	-1;-1	n/a	[]
sad		2017-03-30 18:39:43 +0200	847488521552236544		@WarrenAltobello	en	Warren Altobello	@DavidCornDC wow how out of touch to reality is this woman! This entire administration is made up of privilege not common folk! #sad	-1;-1	n/a	[]
sad	#sad	2017-02-04 23:39:05 +0100	828010012668751873		@paulanjim	en	Paula and Jim Brown	"Bowling Green Massacre" Lived on #flyingfrogfarm near #bowlinggreenkentucky in the 70's. Why didn't friends still there tell us?!? #sad	-1;-1	Baltimore, MD; United States	[]
sad	#sad	2017-04-02 03:51:54 +0200	848352256843948033		@MitchMossRadio	en	Mitch Moss	This is what college basketball has turned into. #sad https://t.co/IE2PK6lEmb	-1;-1	n/a	[]
sad	#sad	2017-04-11 04:59:30 +0200	851630761358839809		@dcatspiked	en	D Doverspike	#Sad #Prayers4family https://t.co/TdGcKl6YjD	-1;-1	n/a	[]
sad		2017-02-26 11:10:26 +0100	835794144157036544		@ParentsofOMM	en	Parents of OMM	My friends have had some #sadness lately- this will help - https://t.co/GKTAVijFqe #empowerment #enlightenment #goodvibes #goodenergy #heal	-1;-1	n/a	[]
sad	#sad	2017-02-14 07:41:23 +0100	831392879218196480		@the_moody_bot	en	mood bot	anyone else feeling extra #sad today?	-1;-1	n/a	[]
sad		2017-05-04 13:34:32 +0200	860095294293364736		@Shailly_d18	en	Shailly Dwivedi	@CMOfficeUP @myogiadityanath Sir No city/town from our UP #sad?? hope next time UP's city will be in this list proud… https://t.co/SZl1euaGLn	-1;-1	n/a	[]
sad		2017-04-03 13:13:03 +0200	848855863565717505		@JordanDrake	en	Jordan Drake	@lyft line to JFK this morning paired me with passengers going to LGA - doubling travel time. Got out. Took a cab. #howtolosecustomers #sad	-1;-1	n/a	[]
sad		2017-05-05 14:03:01 +0200	860464849033277440		@lisabonner	en	Lisa Bonner, Esq.	Join the conversation and #SilenceTheShame around mental health issues. #Depression #suicidalthoughts #sadness- let… https://t.co/8nS7Augmta	-1;-1	n/a	[]
sad		2017-04-30 22:12:07 +0200	858775997042368518		@ParijatDesh	en	Parijat Deshpande	You're on your own #grief  journey so healing should be on your terms too. This is for you: #pregnantafterloss… https://t.co/ULbcnmTApZ	-1;-1	n/a	[]
sad		2017-04-30 16:45:27 +0200	858693786133815299		@AltWaysToHeal	en	Alt Ways To Heal	Can #LightTherapy Help with #SAD - #Depression? [NEWLINE]https://t.co/mldWFuskLm [NEWLINE]#NIMH has used LightTherapy with SUCCESS… https://t.co/9o5SKboMg4	-1;-1	n/a	[]
sad		2017-04-21 16:13:20 +0200	855424213175459840		@NickBCastano	en	Nicholas Castano	When one of your best friends at work quits and today is his last day. #sad https://t.co/BnzfKPQZek	-1;-1	n/a	[http://pbs.twimg.com/tweet_video_thumb/C98Tx5qW0AE71cH.jpg]
sad	#sad	2017-01-08 16:49:23 +0100	818122434918248449		@KuyaLoko	en	johnny bravo	ung nahihiya ka aminin nararamdaman mo, kasi 1kmmr kalang.[NEWLINE]#sad[NEWLINE]#QuitDotaKana	-1;-1	n/a	[]
sad	#sad	2017-02-14 17:00:35 +0100	831533606313086978		@ZacharyFigueroa	en	Zachary Figueroa	@realDonaldTrump at least the leaks are keeping you accountable!!! From where I'm sitting the leaks prove your failure... #SAD	-1;-1	n/a	[]
sad	#sad	2017-02-09 11:05:02 +0100	829632187821613056		@christinesarima	en	Christine Sarima	@MrFemiOwoeye no, its not. #sad #stopthesoot	-1;-1	n/a	[]
surprise		2017-01-17 17:36:06 +0100	821395685304045568		@LibbyDopee	en	Elena Lewis	#surprise squirt carrie prejean nude pics tmz https://t.co/CD7pGCXNNW	-1;-1	n/a	[]
surprise		2017-03-25 21:30:02 +0100	845734542577143809		@trendchasernews	en	trendchaser	A #LA couple bought a new #home and found an interesting #surprise in the backyard https://t.co/TUtui9ztzO https://t.co/xH1RojRWog	-1;-1	n/a	[http://pbs.twimg.com/media/C7ynFScU8AAjkCF.jpg]
surprise		2017-04-06 21:16:34 +0200	850064707180404736		@tmj_phx_hrta	en	Phoenix Hospitality	Can you recommend anyone for this #job in #Surprise, AZ? https://t.co/uGUHpzLysC #SONIC #Hospitality #Hiringâ€¦ https://t.co/nW45WlWIkN	33.6382163;-112.3927527	Surprise, AZ; United States	[]
surprise		2017-02-25 10:21:47 +0100	835419511461404672		@kjoyner	en	Karen Fotheringham	@grvlx001 @nigel290672  Blimey #surprised ðŸ˜¬	-1;-1	n/a	[]
surprise		2017-04-29 11:50:24 +0200	858257147590832129		@iNazifovski	en	Nazifovski	#iddaa #bahis #kupon #iddaatahmin #bahistahmin #Ä°ddaaKuponu #sÃ¼rpriz #sÃ¼rprizkupon #bahiskupon #takip GÃ¼nÃ¼n SÃ¼rprizâ€¦ https://t.co/frlxAlkTyw	-1;-1	n/a	[]
surprise	#surprise	2017-01-13 21:34:24 +0100	820006104109379584		@natalielam	en	Gillian Bell	yiffy sex stories #surprise birthday party ideas for adults https://t.co/46Xlnlco9y	-1;-1	n/a	[]
surprise		2017-03-05 21:37:32 +0100	838488673695981569		@09_09_tina	en	Deborah Washington	#surprise party ideas for 21st birthdays clinical research volunteer opportunities	-1;-1	n/a	[]
surprise	#surprise	2017-01-12 23:09:27 +0100	819667633477795841		@Climber_EDU	en	Climber.com EDU Jobs	Piano Teacher - Surprise, AZ, 36793, USA #jobs #Surprise pls RT: Years of experience: 1 year. Able to read music?:â€¦ https://t.co/rbgzaWyzoy	-1;-1	n/a	[]
surprise	#surprised	2017-05-04 19:24:48 +0200	860183439407894528		@riverrockae	en	RiverRockAE æ²³çŸ³äºžæ´²å¨›æ¨‚	çœŸçš„ï¿½?çŸ¥ï¿½?ï¿½æ¬¸!!! ðŸ˜± @BuzzFeed [NEWLINE]#calculator #app #swipe #surprised #buzzfeed #video #technology https://t.co/HXKio94Ley	-1;-1	n/a	[]
surprise		2017-01-17 20:35:22 +0100	821440797342109703		@say_soooo	en	Brooke James	#surprise squirt tribal sex customs https://t.co/rNmcOdYzDJ	-1;-1	n/a	[]
surprise		2017-02-07 13:07:39 +0100	828938272629993473		@WorkSurpriseAZ	en	Work Surprise AZ	Phoenix #AZ #USA - Cabling Technician - #Job Description Full-service low voltage struct... https://t.co/HNa18Tpw7Z #CAREER #SURPRISE #WORK	-1;-1	n/a	[]
surprise	#surprise	2017-04-19 16:57:27 +0200	854710541201285123		@RevoPlaceGP	en	Revolution Place	not to be a HUGE TEASE but we have a mini announcement of sorts for you in a bit here today ;) #GPAB #ConcertNews #SURPRISE	-1;-1	n/a	[]
surprise	#surprise lang:en	2017-01-07 15:34:03 +0100	817741090707148801		@Chelseaalifts	en	chelsea	After a long day yesterday there was nothing better than my wireless headphones being delivered..that I forgot I boughtðŸ˜† #Surprise	-1;-1	n/a	[]
surprise	#surprise	2017-01-04 16:46:52 +0100	816672249763758081		@Katepomfret11	en	Kate P	@merseyrail ooh don't tell me we will get trains running on time. #excited #Surprise.	-1;-1	Liverpool, England; United Kingdom	[]
surprise	#surprise	2017-03-23 00:33:25 +0100	844693528261414914		@TimoRoss	en	Timothy Ross	I had a chuckle... #nonhousingtweet #surprise #timisamillennial https://t.co/jIQy5yO6ga	-1;-1	Ottawa, Ontario; Canada	[]
surprise	#surprise	2017-02-14 21:25:47 +0100	831600347453984769		@Mia_1st	en	Miaomiao Shen	In love #luckgirl #happyvalentines #lovemyhubby #roseðŸŒ¹ #surprise #valentineday https://t.co/OeSSJYgCPF	-1;-1	n/a	[]
surprise	#surprise	2017-03-23 18:58:15 +0100	844971569621413888		@EarthwynzDesign	en	Earthwyn	DAVE[NEWLINE][NEWLINE]#DAVE #CHAPPELLE #DELIVERED #Big #Surprise #iKnow #Welcome #Back #KILLED #it #carebearâ€¦ https://t.co/sWcEXHwiEI	-1;-1	n/a	[]
surprise	#surprise	2017-02-07 22:07:50 +0100	829074212962828292		@Victoria_B_13	en	Victoria	Typical: only just found the brilliant #secretsofbones & it's last in series. ï¿½? Also typical: @Ben_garrod talking about sex ðŸ˜‚ #surprise	-1;-1	n/a	[]
surprise	#surprise	2017-04-20 08:46:32 +0200	854949385733525504		@EloydKong	en	Gnok Dyole	What a #surprise when I'm back to my office.. #anniversary gift fromâ€¦ https://t.co/bHoZMQ4tK9	-1;-1	n/a	[]
surprise		2017-03-09 15:01:28 +0100	839838552397533184		@AhimSarmadi	en	ahim sarmadi	#surprise #snacks from #friend[NEWLINE]thanks wu_cuan https://t.co/0ErLunsJZc	-1;-1	n/a	[]
surprise		2017-01-08 07:02:38 +0100	817974777654767621		@_clairedingwall	en	clur	Happy birthday @dennis_vila_8! You're the dad of a few of my kids?? #surprise https://t.co/D4Mq9I54wZ	-1;-1	n/a	[http://pbs.twimg.com/ext_tw_video_thumb/817974735824777216/pu/img/iZF4C0gMB7N5J7DP.jpg]
surprise		2017-04-12 15:19:16 +0200	852149116905893888		@24859669	en	Alexandra Perez	#surprise buttsex video pinay sex vids https://t.co/Y2x8Ufrelu	-1;-1	n/a	[]
surprise	#surprise	2017-03-26 15:04:53 +0200	845984902365392900		@Marcelliuz	en	marcellius ligadjaja	Thank you so much for the #surprise ! #early #birthday #celebration https://t.co/YBP3AWWLHH	-1;-1	n/a	[http://pbs.twimg.com/media/C72KwwkVAAAw4dw.jpg]
surprise		2017-04-14 04:19:12 +0200	852707781421527040		@mezmereyes26	en	Yardman WilderMEZ	#YardmanWilderMEZ QLEEN PAPER got 3-0'd. #surprise I didn't expect him to lose https://t.co/gTuiiaJxOH	-1;-1	n/a	[]
surprise	#surprise	2017-01-03 14:09:34 +0100	816270277722181632		@iflanpopov	en	Andrea Abraham	#vaginal #surprise #paraguay #juggs #courgars #model #humor #Gay[NEWLINE][NEWLINE]>>> https://t.co/wND3S461eD <<<- https://t.co/EVSvFPo2xo	-1;-1	n/a	[http://pbs.twimg.com/media/C1P5fSDWgAASiIA.jpg]
surprise	#surprise	2017-04-27 16:05:02 +0200	857596452704485376		@solarreviewsnet	en	solar reviews	https://t.co/wmG91RE65J |  #Surprise, Arizona Solar Technology Alabama #solar #panels #ener https://t.co/OrOxFTfYIR	-1;-1	n/a	[http://pbs.twimg.com/media/C-bLbYRXkAAKUac.jpg]
surprise		2017-03-26 03:56:19 +0200	845816655871721472		@WorkSurpriseAZ	en	Work Surprise AZ	Glendale #AZ #USA - Human Resources Manager - Advanced degree in Business Human Resource... https://t.co/s0yZYdEsRJ #WORK #SURPRISE #CAREER	-1;-1	n/a	[]
surprise	#surprised	2017-03-01 20:14:42 +0100	837018274911162379		@FlorenceGoolsby	en	ï¿½?Ð°ï¿½?Ñ‚Ñ‘Ð½Ð° ï¿½?Ð°ï¿½?Ñ‚Ñ‘Ð½Ñ‡Ð¸Ðº	Over Half of All Buyers Are #Surprised by Closing Costs[NEWLINE][NEWLINE]https://t.co/Xu6QjnQ3cU https://t.co/UiXjmJZ0Cd	-1;-1	n/a	[http://pbs.twimg.com/media/C52vo-cXEAEFAhr.jpg]
surprise	#surprise	2017-03-27 02:28:43 +0200	846156997493952512		@MinajLoco	en	black barbie ðŸ’‹	Is @NICKIMINAJ really goin' by this Chiraq verse?! #Surprise https://t.co/XnZSs2eGEl	-1;-1	n/a	[http://pbs.twimg.com/media/C74nTRuVMAAeOC-.jpg]
surprise	#surprise	2017-02-27 05:24:36 +0100	836069500369965056		@LostPetsPhoenix	en	LostPetsPhoenixAZ	Please RT! Have you seen Bossy Jo? #missing #lost #pet in #Surprise #AZ 85379 https://t.co/bPXEtRhtKn https://t.co/UTDhNujHsP	-1;-1	n/a	[http://pbs.twimg.com/media/C5pQxzgWAAEQqmR.jpg]
surprise	#surprise	2017-02-19 17:56:00 +0100	833359493027225602		@newspyre360	en	newspyre360Â°	https://t.co/5lMpVtv0HW #surprise #early #score | #soccersunday https://t.co/1FFI3ZtUzc	-1;-1	n/a	[http://pbs.twimg.com/media/C5Cv4EKUEAA8pW9.jpg]
surprise		2017-03-16 02:07:30 +0100	842180489565753344		@Happy_Log_pub	en	Logan.W.T.F	Its all about the entrance.[NEWLINE]#entrance #surprise #TooFu #comicpanel #pencil #ink #art #comicbookâ€¦ https://t.co/VO3cBdQYI1	-1;-1	n/a	[]
surprise		2017-01-09 13:58:39 +0100	818441856405172224		@mummysknee	en	mummysknee	Yay the #new passport has arrived #snaphappybritmums #surprise #holiday #pbloggers https://t.co/8WKdMckyh0	-1;-1	n/a	[]
surprise		2017-03-29 22:41:00 +0200	847186851500662785		@E_LucasTaylor	en	E_Lucas-Taylor wrtr	#Politics & #Corruption: neo-nazi @GOP #RussianPuppet #Trump & His Businesses: Not So Separate After All https://t.co/lZJJFlctc5 #Surprised?	-1;-1	n/a	[]
